"file"	"sample"	"chr"	"startpos"	"endpos"	"nMajor"	"nMinor"	"segMean"	"bafMean"	"nProbes"	"ploidy"	"purity"
"H002_iAsc1_CL1_DNA1"	"H002_iAsc1_CL1_DNA1"	"4"	"12281"	"66827"	"3"	"0"	"-0.211819047619048"	NA	"63"	"3.88452364921776"	"1"
"H002_iAsc1_CL1_DNA1"	"H002_iAsc1_CL1_DNA1"	"4"	"68929"	"68509237"	"2"	"0"	"-0.878692595545135"	"1"	"42650"	"3.88452364921776"	"1"
"H002_iAsc1_CL1_DNA1"	"H002_iAsc1_CL1_DNA1"	"4"	"68509442"	"68620261"	"4"	"0"	"0.226755555555556"	NA	"63"	"3.88452364921776"	"1"
"H002_iAsc1_CL1_DNA1"	"H002_iAsc1_CL1_DNA1"	"4"	"68623617"	"83746807"	"2"	"0"	"-0.82900768410956"	"1"	"9383"	"3.88452364921776"	"1"
"H002_iAsc1_CL1_DNA1"	"H002_iAsc1_CL1_DNA1"	"4"	"83747791"	"83843585"	"3"	"0"	"-0.259819047619048"	"1"	"63"	"3.88452364921776"	"1"
"H002_iAsc1_CL1_DNA1"	"H002_iAsc1_CL1_DNA1"	"4"	"83843608"	"160748342"	"2"	"0"	"-0.877384956493716"	"1"	"46545"	"3.88452364921776"	"1"
"H002_iAsc1_CL1_DNA1"	"H002_iAsc1_CL1_DNA1"	"4"	"160750963"	"160820928"	"4"	"0"	"0.163196875"	NA	"64"	"3.88452364921776"	"1"
"H002_iAsc1_CL1_DNA1"	"H002_iAsc1_CL1_DNA1"	"4"	"160823848"	"172532557"	"2"	"0"	"-0.968274443561208"	"1"	"7548"	"3.88452364921776"	"1"
"H002_iAsc1_CL1_DNA1"	"H002_iAsc1_CL1_DNA1"	"4"	"172534095"	"172778714"	"1"	"0"	"-1.88440408163265"	"1"	"147"	"3.88452364921776"	"1"
"H002_iAsc1_CL1_DNA1"	"H002_iAsc1_CL1_DNA1"	"4"	"172778898"	"190106768"	"2"	"0"	"-1.03978599881846"	"1"	"11849"	"3.88452364921776"	"1"
"H002_iAsc1_CL1_DNA1"	"H002_iAsc1_CL1_DNA1"	"5"	"15532"	"2719242"	"10"	"2"	"1.71763229166667"	"0.825517875813008"	"1728"	"3.88452364921776"	"1"
"H002_iAsc1_CL1_DNA1"	"H002_iAsc1_CL1_DNA1"	"5"	"2720455"	"11648152"	"9"	"2"	"1.63082856961865"	"0.820808429028133"	"7893"	"3.88452364921776"	"1"
"H002_iAsc1_CL1_DNA1"	"H002_iAsc1_CL1_DNA1"	"5"	"11650898"	"13238430"	"8"	"2"	"1.51136586538462"	"0.815517948717949"	"832"	"3.88452364921776"	"1"
"H002_iAsc1_CL1_DNA1"	"H002_iAsc1_CL1_DNA1"	"5"	"13238943"	"17814353"	"9"	"2"	"1.68627100279416"	"0.822158564792899"	"3221"	"3.88452364921776"	"1"
"H002_iAsc1_CL1_DNA1"	"H002_iAsc1_CL1_DNA1"	"5"	"17815493"	"29955999"	"8"	"2"	"1.50713070562293"	"0.818282355882353"	"7256"	"3.88452364921776"	"1"
"H002_iAsc1_CL1_DNA1"	"H002_iAsc1_CL1_DNA1"	"5"	"29956505"	"44207624"	"9"	"2"	"1.66357126312371"	"0.820773694508671"	"9239"	"3.88452364921776"	"1"
"H002_iAsc1_CL1_DNA1"	"H002_iAsc1_CL1_DNA1"	"5"	"44208307"	"46389171"	"8"	"2"	"1.51498463356974"	"0.820988225"	"846"	"3.88452364921776"	"1"
"H002_iAsc1_CL1_DNA1"	"H002_iAsc1_CL1_DNA1"	"5"	"50136997"	"181363319"	"2"	"2"	"0.150983197776301"	"0.5"	"82745"	"3.88452364921776"	"1"
"H002_iAsc1_CL1_DNA1"	"H002_iAsc1_CL1_DNA1"	"6"	"149661"	"257353"	"2"	"2"	"0.21508431372549"	"0.5"	"102"	"3.88452364921776"	"1"
"H002_iAsc1_CL1_DNA1"	"H002_iAsc1_CL1_DNA1"	"6"	"258265"	"376937"	"2"	"1"	"-0.387935643564357"	"0.5"	"101"	"3.88452364921776"	"1"
"H002_iAsc1_CL1_DNA1"	"H002_iAsc1_CL1_DNA1"	"6"	"378703"	"1216141"	"2"	"2"	"0.215510560625815"	"0.5"	"767"	"3.88452364921776"	"1"
"H002_iAsc1_CL1_DNA1"	"H002_iAsc1_CL1_DNA1"	"6"	"1216291"	"1217265"	"2"	"1"	"-0.231514285714286"	"0.5"	"7"	"3.88452364921776"	"1"
"H002_iAsc1_CL1_DNA1"	"H002_iAsc1_CL1_DNA1"	"6"	"1217594"	"67451592"	"2"	"2"	"0.189673850635469"	"0.5"	"42567"	"3.88452364921776"	"1"
"H002_iAsc1_CL1_DNA1"	"H002_iAsc1_CL1_DNA1"	"6"	"67457081"	"67979297"	"2"	"1"	"-0.430657446808511"	"0.681464789655172"	"329"	"3.88452364921776"	"1"
"H002_iAsc1_CL1_DNA1"	"H002_iAsc1_CL1_DNA1"	"6"	"67979481"	"68666344"	"2"	"2"	"7.17592592592645e-06"	"0.5"	"432"	"3.88452364921776"	"1"
"H002_iAsc1_CL1_DNA1"	"H002_iAsc1_CL1_DNA1"	"6"	"68667501"	"72529265"	"2"	"1"	"-0.265490705882353"	"0.665008776196809"	"2550"	"3.88452364921776"	"1"
"H002_iAsc1_CL1_DNA1"	"H002_iAsc1_CL1_DNA1"	"6"	"72538163"	"72654946"	"2"	"2"	"0.148266153846154"	"0.5"	"65"	"3.88452364921776"	"1"
"H002_iAsc1_CL1_DNA1"	"H002_iAsc1_CL1_DNA1"	"6"	"72663851"	"78304623"	"2"	"1"	"-0.263613909465021"	"0.675849255689655"	"3645"	"3.88452364921776"	"1"
"H002_iAsc1_CL1_DNA1"	"H002_iAsc1_CL1_DNA1"	"6"	"78309386"	"78325468"	"4"	"0"	"0.329936170212766"	NA	"47"	"3.88452364921776"	"1"
"H002_iAsc1_CL1_DNA1"	"H002_iAsc1_CL1_DNA1"	"6"	"78329517"	"82262379"	"2"	"1"	"-0.2804530471445"	"0.675849255689655"	"2609"	"3.88452364921776"	"1"
"H002_iAsc1_CL1_DNA1"	"H002_iAsc1_CL1_DNA1"	"6"	"82263167"	"85888816"	"2"	"2"	"0.157682841579664"	"0.5"	"2203"	"3.88452364921776"	"1"
"H002_iAsc1_CL1_DNA1"	"H002_iAsc1_CL1_DNA1"	"6"	"85899574"	"108714613"	"2"	"1"	"-0.308015214491329"	"0.668565376326075"	"14243"	"3.88452364921776"	"1"
"H002_iAsc1_CL1_DNA1"	"H002_iAsc1_CL1_DNA1"	"6"	"108716227"	"111057556"	"2"	"2"	"0.201507035519126"	"0.5"	"1464"	"3.88452364921776"	"1"
"H002_iAsc1_CL1_DNA1"	"H002_iAsc1_CL1_DNA1"	"6"	"111058478"	"111116670"	"2"	"1"	"-0.273761290322581"	"0.5"	"31"	"3.88452364921776"	"1"
"H002_iAsc1_CL1_DNA1"	"H002_iAsc1_CL1_DNA1"	"6"	"111116955"	"111436193"	"2"	"2"	"0.266571686746988"	"0.5"	"166"	"3.88452364921776"	"1"
"H002_iAsc1_CL1_DNA1"	"H002_iAsc1_CL1_DNA1"	"6"	"111437141"	"112445809"	"2"	"1"	"-0.218799411764706"	"0.6678968945"	"680"	"3.88452364921776"	"1"
"H002_iAsc1_CL1_DNA1"	"H002_iAsc1_CL1_DNA1"	"6"	"112446021"	"112668049"	"2"	"2"	"0.1515288"	"0.5"	"125"	"3.88452364921776"	"1"
"H002_iAsc1_CL1_DNA1"	"H002_iAsc1_CL1_DNA1"	"6"	"112670175"	"131522131"	"2"	"1"	"-0.272204315132872"	"0.671919041649269"	"11703"	"3.88452364921776"	"1"
"H002_iAsc1_CL1_DNA1"	"H002_iAsc1_CL1_DNA1"	"6"	"131523020"	"134450188"	"2"	"2"	"0.192277498769079"	"0.5"	"2031"	"3.88452364921776"	"1"
"H002_iAsc1_CL1_DNA1"	"H002_iAsc1_CL1_DNA1"	"6"	"134450312"	"136447316"	"2"	"1"	"-0.198107675906183"	"0.663566197413793"	"1407"	"3.88452364921776"	"1"
"H002_iAsc1_CL1_DNA1"	"H002_iAsc1_CL1_DNA1"	"6"	"136451562"	"136711355"	"2"	"2"	"0.263517142857143"	"0.5"	"175"	"3.88452364921776"	"1"
"H002_iAsc1_CL1_DNA1"	"H002_iAsc1_CL1_DNA1"	"6"	"136712568"	"142973004"	"2"	"1"	"-0.200589194091734"	"0.667597589088729"	"3859"	"3.88452364921776"	"1"
"H002_iAsc1_CL1_DNA1"	"H002_iAsc1_CL1_DNA1"	"6"	"142973362"	"143103153"	"2"	"2"	"0.20426"	"0.5"	"65"	"3.88452364921776"	"1"
"H002_iAsc1_CL1_DNA1"	"H002_iAsc1_CL1_DNA1"	"6"	"143103190"	"144430456"	"2"	"1"	"-0.237614197530864"	"0.667161415202703"	"972"	"3.88452364921776"	"1"
"H002_iAsc1_CL1_DNA1"	"H002_iAsc1_CL1_DNA1"	"6"	"144432488"	"146075563"	"2"	"2"	"0.170577986179664"	"0.5"	"1013"	"3.88452364921776"	"1"
"H002_iAsc1_CL1_DNA1"	"H002_iAsc1_CL1_DNA1"	"6"	"146076662"	"146113606"	"2"	"1"	"0.018325"	"0.663428806833333"	"20"	"3.88452364921776"	"1"
"H002_iAsc1_CL1_DNA1"	"H002_iAsc1_CL1_DNA1"	"6"	"146118057"	"146241151"	"3"	"1"	"0.233020634920635"	"0.663428806833333"	"63"	"3.88452364921776"	"1"
"H002_iAsc1_CL1_DNA1"	"H002_iAsc1_CL1_DNA1"	"6"	"146241641"	"149202440"	"2"	"1"	"-0.217704242424242"	"0.663428806833333"	"2145"	"3.88452364921776"	"1"
"H002_iAsc1_CL1_DNA1"	"H002_iAsc1_CL1_DNA1"	"6"	"149209410"	"149472143"	"2"	"2"	"0.229352941176471"	"0.5"	"187"	"3.88452364921776"	"1"
"H002_iAsc1_CL1_DNA1"	"H002_iAsc1_CL1_DNA1"	"6"	"149472497"	"149509797"	"3"	"1"	"0.115713043478261"	"0.670134910672515"	"23"	"3.88452364921776"	"1"
"H002_iAsc1_CL1_DNA1"	"H002_iAsc1_CL1_DNA1"	"6"	"149512041"	"170741917"	"2"	"1"	"-0.213891115086464"	"0.670831717786093"	"15093"	"3.88452364921776"	"1"
"H002_iAsc1_DNA1"	"H002_iAsc1_DNA1"	"4"	"12281"	"68509237"	"2"	"0"	"-0.785563444384613"	"0.970484442435945"	"42713"	"3.92843112508444"	"0.957606422978598"
"H002_iAsc1_DNA1"	"H002_iAsc1_DNA1"	"4"	"68509442"	"68623617"	"4"	"0"	"0.18849375"	NA	"64"	"3.92843112508444"	"0.957606422978598"
"H002_iAsc1_DNA1"	"H002_iAsc1_DNA1"	"4"	"68639397"	"83669415"	"2"	"0"	"-0.743959174705252"	"0.970916562919463"	"9330"	"3.92843112508444"	"0.957606422978598"
"H002_iAsc1_DNA1"	"H002_iAsc1_DNA1"	"4"	"83669888"	"83949912"	"3"	"0"	"-0.244379166666667"	"0.978472222222222"	"192"	"3.92843112508444"	"0.957606422978598"
"H002_iAsc1_DNA1"	"H002_iAsc1_DNA1"	"4"	"83950086"	"160751837"	"2"	"0"	"-0.775139782655477"	"0.969914661504359"	"46470"	"3.92843112508444"	"0.957606422978598"
"H002_iAsc1_DNA1"	"H002_iAsc1_DNA1"	"4"	"160754525"	"160823848"	"4"	"0"	"0.108634920634921"	NA	"63"	"3.92843112508444"	"0.957606422978598"
"H002_iAsc1_DNA1"	"H002_iAsc1_DNA1"	"4"	"160828103"	"171929893"	"2"	"0"	"-0.798834958896475"	"0.970417080581242"	"7177"	"3.92843112508444"	"0.957606422978598"
"H002_iAsc1_DNA1"	"H002_iAsc1_DNA1"	"4"	"171934778"	"173291783"	"1"	"0"	"-1.69383256410256"	"0.946241025510204"	"780"	"3.92843112508444"	"0.957606422978598"
"H002_iAsc1_DNA1"	"H002_iAsc1_DNA1"	"4"	"173295971"	"190106768"	"2"	"0"	"-0.926077878474021"	"0.967557125889967"	"11586"	"3.92843112508444"	"0.957606422978598"
"H002_iAsc1_DNA1"	"H002_iAsc1_DNA1"	"5"	"15532"	"13999175"	"10"	"2"	"1.66881008418575"	"0.824830847948718"	"11047"	"3.92843112508444"	"0.957606422978598"
"H002_iAsc1_DNA1"	"H002_iAsc1_DNA1"	"5"	"13999573"	"17601952"	"11"	"2"	"1.76671078787879"	"0.82810290610687"	"2475"	"3.92843112508444"	"0.957606422978598"
"H002_iAsc1_DNA1"	"H002_iAsc1_DNA1"	"5"	"17602350"	"46389171"	"10"	"2"	"1.67997661350255"	"0.825597376328987"	"17493"	"3.92843112508444"	"0.957606422978598"
"H002_iAsc1_DNA1"	"H002_iAsc1_DNA1"	"5"	"50136997"	"181363319"	"2"	"2"	"0.158098031300985"	"0.5"	"82745"	"3.92843112508444"	"0.957606422978598"
"H002_iAsc1_DNA1"	"H002_iAsc1_DNA1"	"6"	"149661"	"254283"	"2"	"2"	"0.185738613861386"	"0.5"	"101"	"3.92843112508444"	"0.957606422978598"
"H002_iAsc1_DNA1"	"H002_iAsc1_DNA1"	"6"	"257353"	"323084"	"2"	"1"	"-0.375922857142857"	"0.5"	"35"	"3.92843112508444"	"0.957606422978598"
"H002_iAsc1_DNA1"	"H002_iAsc1_DNA1"	"6"	"323326"	"67451265"	"2"	"2"	"0.187448080910473"	"0.5"	"43406"	"3.92843112508444"	"0.957606422978598"
"H002_iAsc1_DNA1"	"H002_iAsc1_DNA1"	"6"	"67451535"	"67977613"	"2"	"1"	"-0.314449090909091"	"0.65742816"	"330"	"3.92843112508444"	"0.957606422978598"
"H002_iAsc1_DNA1"	"H002_iAsc1_DNA1"	"6"	"67979297"	"68656043"	"2"	"2"	"0.130859953703704"	"0.5"	"432"	"3.92843112508444"	"0.957606422978598"
"H002_iAsc1_DNA1"	"H002_iAsc1_DNA1"	"6"	"68666344"	"82263167"	"2"	"1"	"-0.186756144875532"	"0.656805337101911"	"8918"	"3.92843112508444"	"0.957606422978598"
"H002_iAsc1_DNA1"	"H002_iAsc1_DNA1"	"6"	"82264372"	"85810284"	"2"	"2"	"0.168980486685032"	"0.5"	"2178"	"3.92843112508444"	"0.957606422978598"
"H002_iAsc1_DNA1"	"H002_iAsc1_DNA1"	"6"	"85810619"	"108705363"	"2"	"1"	"-0.218889055598401"	"0.65679458972641"	"14263"	"3.92843112508444"	"0.957606422978598"
"H002_iAsc1_DNA1"	"H002_iAsc1_DNA1"	"6"	"108707499"	"111436193"	"2"	"2"	"0.209868048048048"	"0.5"	"1665"	"3.92843112508444"	"0.957606422978598"
"H002_iAsc1_DNA1"	"H002_iAsc1_DNA1"	"6"	"111437141"	"131524012"	"2"	"1"	"-0.207685884421709"	"0.659047070913771"	"12511"	"3.92843112508444"	"0.957606422978598"
"H002_iAsc1_DNA1"	"H002_iAsc1_DNA1"	"6"	"131530139"	"134496927"	"2"	"2"	"0.178892136999518"	"0.5"	"2073"	"3.92843112508444"	"0.957606422978598"
"H002_iAsc1_DNA1"	"H002_iAsc1_DNA1"	"6"	"134497176"	"142970566"	"2"	"1"	"-0.200145614685704"	"0.664245564684015"	"5393"	"3.92843112508444"	"0.957606422978598"
"H002_iAsc1_DNA1"	"H002_iAsc1_DNA1"	"6"	"142970894"	"143103190"	"2"	"2"	"0.178386956521739"	"0.5"	"69"	"3.92843112508444"	"0.957606422978598"
"H002_iAsc1_DNA1"	"H002_iAsc1_DNA1"	"6"	"143105917"	"144430456"	"2"	"1"	"-0.209539237899073"	"0.65806787027027"	"971"	"3.92843112508444"	"0.957606422978598"
"H002_iAsc1_DNA1"	"H002_iAsc1_DNA1"	"6"	"144432488"	"146241151"	"2"	"2"	"0.179439324817518"	"0.5"	"1096"	"3.92843112508444"	"0.957606422978598"
"H002_iAsc1_DNA1"	"H002_iAsc1_DNA1"	"6"	"146241641"	"149196584"	"2"	"1"	"-0.198233582438113"	"0.668465517006803"	"2141"	"3.92843112508444"	"0.957606422978598"
"H002_iAsc1_DNA1"	"H002_iAsc1_DNA1"	"6"	"149196707"	"149509797"	"2"	"2"	"0.169719158878505"	"0.5"	"214"	"3.92843112508444"	"0.957606422978598"
"H002_iAsc1_DNA1"	"H002_iAsc1_DNA1"	"6"	"149512041"	"170741917"	"2"	"1"	"-0.213341807460412"	"0.662750493554502"	"15093"	"3.92843112508444"	"0.957606422978598"
"H002_iOme1_DNA1"	"H002_iOme1_DNA1"	"4"	"12281"	"190106768"	"1"	"1"	"-0.0852855087645195"	"0.5"	"118375"	"2.01256781237853"	"1"
"H002_iOme1_DNA1"	"H002_iOme1_DNA1"	"5"	"15532"	"181363319"	"1"	"1"	"0.0653453973277075"	"0.500068921299232"	"113760"	"2.01256781237853"	"1"
"H002_iOme1_DNA1"	"H002_iOme1_DNA1"	"6"	"149661"	"170741917"	"1"	"1"	"-0.0136812145478812"	"0.5"	"110889"	"2.01256781237853"	"1"
"H002_iOva2_DNA1"	"H002_iOva2_DNA1"	"4"	"12281"	"190106768"	"1"	"1"	"0.0212701913410771"	"0.5"	"118375"	"2.00003489090323"	"1"
"H002_iOva2_DNA1"	"H002_iOva2_DNA1"	"5"	"15532"	"81290873"	"1"	"1"	"0.0230976304739052"	"0.5"	"50010"	"2.00003489090323"	"1"
"H002_iOva2_DNA1"	"H002_iOva2_DNA1"	"5"	"81291324"	"81325771"	"2"	"1"	"0.366861111111111"	"0.5"	"18"	"2.00003489090323"	"1"
"H002_iOva2_DNA1"	"H002_iOva2_DNA1"	"5"	"81330127"	"100245790"	"1"	"1"	"0.0345426949422915"	"0.5"	"10657"	"2.00003489090323"	"1"
"H002_iOva2_DNA1"	"H002_iOva2_DNA1"	"5"	"100245820"	"100263459"	"2"	"1"	"0.424609090909091"	"0.5"	"11"	"2.00003489090323"	"1"
"H002_iOva2_DNA1"	"H002_iOva2_DNA1"	"5"	"100264445"	"181363319"	"1"	"1"	"0.0107049996230966"	"0.5"	"53064"	"2.00003489090323"	"1"
"H002_iOva2_DNA1"	"H002_iOva2_DNA1"	"6"	"149661"	"170741917"	"1"	"1"	"0.0150858101344588"	"0.5"	"110889"	"2.00003489090323"	"1"
"H002_iTubR1_DNA1"	"H002_iTubR1_DNA1"	"4"	"12281"	"146256621"	"1"	"0"	"-0.099398543030141"	"0.5"	"89844"	"1.99440709724585"	"0.209535796110586"
"H002_iTubR1_DNA1"	"H002_iTubR1_DNA1"	"4"	"146256670"	"151311435"	"2"	"0"	"-0.0294711611785095"	"0.584798988679245"	"2885"	"1.99440709724585"	"0.209535796110586"
"H002_iTubR1_DNA1"	"H002_iTubR1_DNA1"	"4"	"151312414"	"167828995"	"1"	"0"	"-0.102236615732881"	"0.5"	"10602"	"1.99440709724585"	"0.209535796110586"
"H002_iTubR1_DNA1"	"H002_iTubR1_DNA1"	"4"	"167829441"	"167837075"	"2"	"2"	"0.359336363636364"	"0.5"	"11"	"1.99440709724585"	"0.209535796110586"
"H002_iTubR1_DNA1"	"H002_iTubR1_DNA1"	"4"	"167842714"	"190106768"	"1"	"0"	"-0.130725277722344"	"0.5"	"15033"	"1.99440709724585"	"0.209535796110586"
"H002_iTubR1_DNA1"	"H002_iTubR1_DNA1"	"5"	"15532"	"46389171"	"4"	"1"	"0.479946625826213"	"0.629848731328616"	"31015"	"1.99440709724585"	"0.209535796110586"
"H002_iTubR1_DNA1"	"H002_iTubR1_DNA1"	"5"	"50136997"	"151396941"	"1"	"1"	"0.0344571243544029"	"0.5"	"62539"	"1.99440709724585"	"0.209535796110586"
"H002_iTubR1_DNA1"	"H002_iTubR1_DNA1"	"5"	"151397147"	"151409503"	"0"	"0"	"-0.332063636363636"	"0.5"	"11"	"1.99440709724585"	"0.209535796110586"
"H002_iTubR1_DNA1"	"H002_iTubR1_DNA1"	"5"	"151409612"	"181363319"	"1"	"1"	"0.0090850458034167"	"0.5"	"20195"	"1.99440709724585"	"0.209535796110586"
"H002_iTubR1_DNA1"	"H002_iTubR1_DNA1"	"6"	"149661"	"106748577"	"1"	"1"	"0.0201826042548224"	"0.5"	"68534"	"1.99440709724585"	"0.209535796110586"
"H002_iTubR1_DNA1"	"H002_iTubR1_DNA1"	"6"	"106748964"	"108728358"	"1"	"0"	"-0.0684807726075505"	"0.5"	"1139"	"1.99440709724585"	"0.209535796110586"
"H002_iTubR1_DNA1"	"H002_iTubR1_DNA1"	"6"	"108728404"	"170741917"	"1"	"1"	"-0.018789154697205"	"0.5"	"41216"	"1.99440709724585"	"0.209535796110586"
"H002_iUte1_DNA1"	"H002_iUte1_DNA1"	"4"	"12281"	"149039446"	"1"	"0"	"-0.164968560068162"	"0.5"	"91546"	"2.15477986293327"	"0.30558481562321"
"H002_iUte1_DNA1"	"H002_iUte1_DNA1"	"4"	"149043373"	"151092830"	"2"	"0"	"-0.0733266851338873"	"0.617754254166667"	"1083"	"2.15477986293327"	"0.30558481562321"
"H002_iUte1_DNA1"	"H002_iUte1_DNA1"	"4"	"151099625"	"190106768"	"1"	"0"	"-0.182675786529946"	"0.50908536951952"	"25746"	"2.15477986293327"	"0.30558481562321"
"H002_iUte1_DNA1"	"H002_iUte1_DNA1"	"5"	"15532"	"46382550"	"5"	"1"	"0.6386379014575"	"0.666555848414155"	"31012"	"2.15477986293327"	"0.30558481562321"
"H002_iUte1_DNA1"	"H002_iUte1_DNA1"	"5"	"46383233"	"181363319"	"1"	"1"	"0.0409527408517426"	"0.5"	"82748"	"2.15477986293327"	"0.30558481562321"
"H002_iUte1_DNA1"	"H002_iUte1_DNA1"	"6"	"149661"	"19302552"	"1"	"1"	"0.0376404393277756"	"0.5"	"15114"	"2.15477986293327"	"0.30558481562321"
"H002_iUte1_DNA1"	"H002_iUte1_DNA1"	"6"	"19302945"	"19324675"	"1"	"0"	"-0.192859090909091"	"0.5"	"22"	"2.15477986293327"	"0.30558481562321"
"H002_iUte1_DNA1"	"H002_iUte1_DNA1"	"6"	"19324885"	"32461981"	"1"	"1"	"0.0530168868394816"	"0.5"	"8024"	"2.15477986293327"	"0.30558481562321"
"H002_iUte1_DNA1"	"H002_iUte1_DNA1"	"6"	"32462117"	"32480352"	"3"	"2"	"0.492288888888889"	"0.5"	"9"	"2.15477986293327"	"0.30558481562321"
"H002_iUte1_DNA1"	"H002_iUte1_DNA1"	"6"	"32480822"	"170741917"	"1"	"1"	"-0.0158175740994072"	"0.5"	"87720"	"2.15477986293327"	"0.30558481562321"
"H002_pOme1_CL12_DNA1"	"H002_pOme1_CL12_DNA1"	"4"	"12281"	"65869"	"3"	"0"	"-0.197372131147541"	NA	"61"	"3.79382801728626"	"1"
"H002_pOme1_CL12_DNA1"	"H002_pOme1_CL12_DNA1"	"4"	"66086"	"68494771"	"2"	"0"	"-0.764104297974114"	"1"	"42648"	"3.79382801728626"	"1"
"H002_pOme1_CL12_DNA1"	"H002_pOme1_CL12_DNA1"	"4"	"68501424"	"68623617"	"4"	"0"	"0.338611764705882"	NA	"68"	"3.79382801728626"	"1"
"H002_pOme1_CL12_DNA1"	"H002_pOme1_CL12_DNA1"	"4"	"68639397"	"160751837"	"2"	"0"	"-0.753108626232319"	"1"	"55992"	"3.79382801728626"	"1"
"H002_pOme1_CL12_DNA1"	"H002_pOme1_CL12_DNA1"	"4"	"160754525"	"160823848"	"4"	"0"	"0.179426984126984"	NA	"63"	"3.79382801728626"	"1"
"H002_pOme1_CL12_DNA1"	"H002_pOme1_CL12_DNA1"	"4"	"160828103"	"190106768"	"2"	"0"	"-0.769878155861434"	"1"	"19543"	"3.79382801728626"	"1"
"H002_pOme1_CL12_DNA1"	"H002_pOme1_CL12_DNA1"	"5"	"15532"	"21006761"	"5"	"2"	"0.996396837185478"	"0.71711"	"15619"	"3.79382801728626"	"1"
"H002_pOme1_CL12_DNA1"	"H002_pOme1_CL12_DNA1"	"5"	"21012522"	"21048885"	"4"	"2"	"0.643456"	"0.700342857142857"	"25"	"3.79382801728626"	"1"
"H002_pOme1_CL12_DNA1"	"H002_pOme1_CL12_DNA1"	"5"	"21050144"	"46382550"	"5"	"2"	"0.977344247787609"	"0.712348236780973"	"15368"	"3.79382801728626"	"1"
"H002_pOme1_CL12_DNA1"	"H002_pOme1_CL12_DNA1"	"5"	"46383233"	"181363319"	"2"	"1"	"-0.193622392081984"	"0.66406220940451"	"82748"	"3.79382801728626"	"1"
"H002_pOme1_CL12_DNA1"	"H002_pOme1_CL12_DNA1"	"6"	"149661"	"254283"	"2"	"2"	"0.219220792079208"	"0.5"	"101"	"3.79382801728626"	"1"
"H002_pOme1_CL12_DNA1"	"H002_pOme1_CL12_DNA1"	"6"	"257353"	"376937"	"2"	"1"	"-0.337147058823529"	"0.5"	"102"	"3.79382801728626"	"1"
"H002_pOme1_CL12_DNA1"	"H002_pOme1_CL12_DNA1"	"6"	"378703"	"30454704"	"2"	"2"	"0.225940959593669"	"0.5"	"22051"	"3.79382801728626"	"1"
"H002_pOme1_CL12_DNA1"	"H002_pOme1_CL12_DNA1"	"6"	"30455138"	"30509499"	"2"	"1"	"-0.0154571428571429"	"0.5"	"14"	"3.79382801728626"	"1"
"H002_pOme1_CL12_DNA1"	"H002_pOme1_CL12_DNA1"	"6"	"30515216"	"67451592"	"2"	"2"	"0.1950009964279"	"0.5"	"21276"	"3.79382801728626"	"1"
"H002_pOme1_CL12_DNA1"	"H002_pOme1_CL12_DNA1"	"6"	"67457081"	"68007638"	"2"	"1"	"-0.336564285714286"	"0.63384094"	"350"	"3.79382801728626"	"1"
"H002_pOme1_CL12_DNA1"	"H002_pOme1_CL12_DNA1"	"6"	"68011129"	"68669284"	"2"	"2"	"0.041872397094431"	"0.5"	"413"	"3.79382801728626"	"1"
"H002_pOme1_CL12_DNA1"	"H002_pOme1_CL12_DNA1"	"6"	"68672615"	"78304623"	"2"	"1"	"-0.25476644295302"	"0.672056327332255"	"6258"	"3.79382801728626"	"1"
"H002_pOme1_CL12_DNA1"	"H002_pOme1_CL12_DNA1"	"6"	"78309386"	"78332092"	"3"	"2"	"0.426955769230769"	"0.67155248546971"	"52"	"3.79382801728626"	"1"
"H002_pOme1_CL12_DNA1"	"H002_pOme1_CL12_DNA1"	"6"	"78336049"	"82235739"	"2"	"1"	"-0.258988631984586"	"0.67155248546971"	"2595"	"3.79382801728626"	"1"
"H002_pOme1_CL12_DNA1"	"H002_pOme1_CL12_DNA1"	"6"	"82238316"	"85888816"	"2"	"2"	"0.126541907775769"	"0.5"	"2212"	"3.79382801728626"	"1"
"H002_pOme1_CL12_DNA1"	"H002_pOme1_CL12_DNA1"	"6"	"85899574"	"108728358"	"2"	"1"	"-0.262718885535827"	"0.66900853890904"	"14249"	"3.79382801728626"	"1"
"H002_pOme1_CL12_DNA1"	"H002_pOme1_CL12_DNA1"	"6"	"108728404"	"111057556"	"2"	"2"	"0.22104670781893"	"0.5"	"1458"	"3.79382801728626"	"1"
"H002_pOme1_CL12_DNA1"	"H002_pOme1_CL12_DNA1"	"6"	"111058478"	"111116670"	"2"	"1"	"-0.219977419354839"	"0.5"	"31"	"3.79382801728626"	"1"
"H002_pOme1_CL12_DNA1"	"H002_pOme1_CL12_DNA1"	"6"	"111116955"	"111423708"	"2"	"2"	"0.270418518518519"	"0.5"	"162"	"3.79382801728626"	"1"
"H002_pOme1_CL12_DNA1"	"H002_pOme1_CL12_DNA1"	"6"	"111425802"	"131522131"	"2"	"1"	"-0.250787452046036"	"0.668947459700772"	"12512"	"3.79382801728626"	"1"
"H002_pOme1_CL12_DNA1"	"H002_pOme1_CL12_DNA1"	"6"	"131523020"	"134450312"	"2"	"2"	"0.202609202755906"	"0.5"	"2032"	"3.79382801728626"	"1"
"H002_pOme1_CL12_DNA1"	"H002_pOme1_CL12_DNA1"	"6"	"134452089"	"136446711"	"2"	"1"	"-0.199323663578047"	"0.658529531225117"	"1403"	"3.79382801728626"	"1"
"H002_pOme1_CL12_DNA1"	"H002_pOme1_CL12_DNA1"	"6"	"136446795"	"136545663"	"3"	"1"	"0.281875806451613"	"0.662738279841713"	"62"	"3.79382801728626"	"1"
"H002_pOme1_CL12_DNA1"	"H002_pOme1_CL12_DNA1"	"6"	"136552781"	"142976370"	"2"	"1"	"-0.169058808745916"	"0.662738279841713"	"3979"	"3.79382801728626"	"1"
"H002_pOme1_CL12_DNA1"	"H002_pOme1_CL12_DNA1"	"6"	"142981903"	"143090625"	"2"	"2"	"0.205260344827586"	"0.5"	"58"	"3.79382801728626"	"1"
"H002_pOme1_CL12_DNA1"	"H002_pOme1_CL12_DNA1"	"6"	"143093658"	"144430456"	"2"	"1"	"-0.220118666666667"	"0.679232090202703"	"975"	"3.79382801728626"	"1"
"H002_pOme1_CL12_DNA1"	"H002_pOme1_CL12_DNA1"	"6"	"144432488"	"146241151"	"2"	"2"	"0.192680018248175"	"0.5"	"1096"	"3.79382801728626"	"1"
"H002_pOme1_CL12_DNA1"	"H002_pOme1_CL12_DNA1"	"6"	"146241641"	"146264320"	"2"	"1"	"-0.1577"	"0.5"	"13"	"3.79382801728626"	"1"
"H002_pOme1_CL12_DNA1"	"H002_pOme1_CL12_DNA1"	"6"	"146264992"	"146264992"	"4"	"0"	"0.2868"	NA	"1"	"3.79382801728626"	"1"
"H002_pOme1_CL12_DNA1"	"H002_pOme1_CL12_DNA1"	"6"	"146266488"	"149202440"	"2"	"1"	"-0.21208137024871"	"0.664631493135593"	"2131"	"3.79382801728626"	"1"
"H002_pOme1_CL12_DNA1"	"H002_pOme1_CL12_DNA1"	"6"	"149209410"	"149474125"	"2"	"2"	"0.24856335078534"	"0.5"	"191"	"3.79382801728626"	"1"
"H002_pOme1_CL12_DNA1"	"H002_pOme1_CL12_DNA1"	"6"	"149474900"	"149509797"	"3"	"1"	"0.1972"	"0.670443906682721"	"19"	"3.79382801728626"	"1"
"H002_pOme1_CL12_DNA1"	"H002_pOme1_CL12_DNA1"	"6"	"149512041"	"170741917"	"2"	"1"	"-0.207191168091168"	"0.669560699321477"	"15093"	"3.79382801728626"	"1"
"H002_pOme1_DNA1"	"H002_pOme1_DNA1"	"4"	"12281"	"51624"	"2"	"0"	"-0.573144897959184"	NA	"49"	"3.7982433520563"	"0.938896299127002"
"H002_pOme1_DNA1"	"H002_pOme1_DNA1"	"4"	"52262"	"65869"	"5"	"0"	"0.38185"	NA	"12"	"3.7982433520563"	"0.938896299127002"
"H002_pOme1_DNA1"	"H002_pOme1_DNA1"	"4"	"66086"	"68509237"	"2"	"0"	"-0.759249807746413"	"0.948272848776126"	"42652"	"3.7982433520563"	"0.938896299127002"
"H002_pOme1_DNA1"	"H002_pOme1_DNA1"	"4"	"68509442"	"68623617"	"4"	"0"	"0.2136296875"	NA	"64"	"3.7982433520563"	"0.938896299127002"
"H002_pOme1_DNA1"	"H002_pOme1_DNA1"	"4"	"68639397"	"160754525"	"2"	"0"	"-0.743375768399621"	"0.947844629969275"	"55993"	"3.7982433520563"	"0.938896299127002"
"H002_pOme1_DNA1"	"H002_pOme1_DNA1"	"4"	"160757387"	"160820928"	"4"	"0"	"0.194540983606557"	NA	"61"	"3.7982433520563"	"0.938896299127002"
"H002_pOme1_DNA1"	"H002_pOme1_DNA1"	"4"	"160823848"	"190106768"	"2"	"0"	"-0.761574186451085"	"0.947635311713864"	"19544"	"3.7982433520563"	"0.938896299127002"
"H002_pOme1_DNA1"	"H002_pOme1_DNA1"	"5"	"15532"	"46389171"	"5"	"2"	"0.942865939061744"	"0.705339899318658"	"31015"	"3.7982433520563"	"0.938896299127002"
"H002_pOme1_DNA1"	"H002_pOme1_DNA1"	"5"	"50136997"	"52897688"	"2"	"1"	"-0.232542439974043"	"0.656336435517241"	"1541"	"3.7982433520563"	"0.938896299127002"
"H002_pOme1_DNA1"	"H002_pOme1_DNA1"	"5"	"52898497"	"52929251"	"3"	"1"	"-0.063962962962963"	"0.745377777777778"	"27"	"3.7982433520563"	"0.938896299127002"
"H002_pOme1_DNA1"	"H002_pOme1_DNA1"	"5"	"52931344"	"181363319"	"2"	"1"	"-0.183634402601722"	"0.656897780328671"	"81177"	"3.7982433520563"	"0.938896299127002"
"H002_pOme1_DNA1"	"H002_pOme1_DNA1"	"6"	"149661"	"254283"	"2"	"2"	"0.136561386138614"	"0.5"	"101"	"3.7982433520563"	"0.938896299127002"
"H002_pOme1_DNA1"	"H002_pOme1_DNA1"	"6"	"257353"	"376937"	"2"	"1"	"-0.355141176470588"	"0.5"	"102"	"3.7982433520563"	"0.938896299127002"
"H002_pOme1_DNA1"	"H002_pOme1_DNA1"	"6"	"378703"	"67467742"	"2"	"2"	"0.192992998846597"	"0.5"	"43350"	"3.7982433520563"	"0.938896299127002"
"H002_pOme1_DNA1"	"H002_pOme1_DNA1"	"6"	"67468896"	"67979297"	"2"	"1"	"-0.304019375"	"0.653738714285714"	"320"	"3.7982433520563"	"0.938896299127002"
"H002_pOme1_DNA1"	"H002_pOme1_DNA1"	"6"	"67979481"	"68667501"	"2"	"2"	"0.114652655889145"	"0.5"	"433"	"3.7982433520563"	"0.938896299127002"
"H002_pOme1_DNA1"	"H002_pOme1_DNA1"	"6"	"68669284"	"72529265"	"2"	"1"	"-0.196299725382503"	"0.656166236702128"	"2549"	"3.7982433520563"	"0.938896299127002"
"H002_pOme1_DNA1"	"H002_pOme1_DNA1"	"6"	"72538163"	"72688776"	"2"	"2"	"0.10593875"	"0.5"	"80"	"3.7982433520563"	"0.938896299127002"
"H002_pOme1_DNA1"	"H002_pOme1_DNA1"	"6"	"72689498"	"82235739"	"2"	"1"	"-0.204337948064362"	"0.654884142528736"	"6277"	"3.7982433520563"	"0.938896299127002"
"H002_pOme1_DNA1"	"H002_pOme1_DNA1"	"6"	"82238316"	"85908276"	"2"	"2"	"0.155298059566787"	"0.5"	"2216"	"3.7982433520563"	"0.938896299127002"
"H002_pOme1_DNA1"	"H002_pOme1_DNA1"	"6"	"85913091"	"108741198"	"2"	"1"	"-0.227433218745615"	"0.654765188405797"	"14254"	"3.7982433520563"	"0.938896299127002"
"H002_pOme1_DNA1"	"H002_pOme1_DNA1"	"6"	"108741495"	"111423708"	"2"	"2"	"0.21226772228989"	"0.5"	"1642"	"3.7982433520563"	"0.938896299127002"
"H002_pOme1_DNA1"	"H002_pOme1_DNA1"	"6"	"111425802"	"112446021"	"2"	"1"	"-0.167663795620438"	"0.648927772277228"	"685"	"3.7982433520563"	"0.938896299127002"
"H002_pOme1_DNA1"	"H002_pOme1_DNA1"	"6"	"112446991"	"112670175"	"2"	"2"	"0.1760288"	"0.5"	"125"	"3.7982433520563"	"0.938896299127002"
"H002_pOme1_DNA1"	"H002_pOme1_DNA1"	"6"	"112674680"	"131522131"	"2"	"1"	"-0.211679174500086"	"0.656859777313848"	"11702"	"3.7982433520563"	"0.938896299127002"
"H002_pOme1_DNA1"	"H002_pOme1_DNA1"	"6"	"131523020"	"134450312"	"2"	"2"	"0.186863484251968"	"0.5"	"2032"	"3.7982433520563"	"0.938896299127002"
"H002_pOme1_DNA1"	"H002_pOme1_DNA1"	"6"	"134452089"	"136444321"	"2"	"1"	"-0.157611840228246"	"0.659432620689655"	"1402"	"3.7982433520563"	"0.938896299127002"
"H002_pOme1_DNA1"	"H002_pOme1_DNA1"	"6"	"136446711"	"136711355"	"2"	"2"	"0.224664804469274"	"0.5"	"179"	"3.7982433520563"	"0.938896299127002"
"H002_pOme1_DNA1"	"H002_pOme1_DNA1"	"6"	"136712568"	"142970566"	"2"	"1"	"-0.193028578838174"	"0.663457565947242"	"3856"	"3.7982433520563"	"0.938896299127002"
"H002_pOme1_DNA1"	"H002_pOme1_DNA1"	"6"	"142970894"	"143103190"	"2"	"2"	"0.195873913043478"	"0.5"	"69"	"3.7982433520563"	"0.938896299127002"
"H002_pOme1_DNA1"	"H002_pOme1_DNA1"	"6"	"143105917"	"144422764"	"2"	"1"	"-0.186985699481865"	"0.654787142857143"	"965"	"3.7982433520563"	"0.938896299127002"
"H002_pOme1_DNA1"	"H002_pOme1_DNA1"	"6"	"144423491"	"146241641"	"2"	"2"	"0.19627552130553"	"0.5"	"1103"	"3.7982433520563"	"0.938896299127002"
"H002_pOme1_DNA1"	"H002_pOme1_DNA1"	"6"	"146242356"	"149210911"	"2"	"1"	"-0.17750638099674"	"0.652640474747475"	"2147"	"3.7982433520563"	"0.938896299127002"
"H002_pOme1_DNA1"	"H002_pOme1_DNA1"	"6"	"149214762"	"149474125"	"2"	"2"	"0.187317553191489"	"0.5"	"188"	"3.7982433520563"	"0.938896299127002"
"H002_pOme1_DNA1"	"H002_pOme1_DNA1"	"6"	"149474900"	"149509797"	"3"	"1"	"0.117431578947368"	"0.653328093320701"	"19"	"3.7982433520563"	"0.938896299127002"
"H002_pOme1_DNA1"	"H002_pOme1_DNA1"	"6"	"149512041"	"170741917"	"2"	"1"	"-0.198832200357782"	"0.653328093320701"	"15093"	"3.7982433520563"	"0.938896299127002"
"H002_pOvaL1_DNA1"	"H002_pOvaL1_DNA1"	"4"	"12281"	"65869"	"3"	"0"	"-0.286206557377049"	NA	"61"	"3.8951708264074"	"0.898706825996845"
"H002_pOvaL1_DNA1"	"H002_pOvaL1_DNA1"	"4"	"66086"	"4023544"	"2"	"0"	"-0.715301580547112"	"0.921192753623188"	"1645"	"3.8951708264074"	"0.898706825996845"
"H002_pOvaL1_DNA1"	"H002_pOvaL1_DNA1"	"4"	"4024468"	"4653013"	"1"	"0"	"-1.19614052132701"	"0.872418146938776"	"422"	"3.8951708264074"	"0.898706825996845"
"H002_pOvaL1_DNA1"	"H002_pOvaL1_DNA1"	"4"	"4655142"	"68506285"	"2"	"0"	"-0.720647643101791"	"0.908351547093326"	"40583"	"3.8951708264074"	"0.898706825996845"
"H002_pOvaL1_DNA1"	"H002_pOvaL1_DNA1"	"4"	"68509223"	"68620261"	"4"	"0"	"0.253369230769231"	NA	"65"	"3.8951708264074"	"0.898706825996845"
"H002_pOvaL1_DNA1"	"H002_pOvaL1_DNA1"	"4"	"68623617"	"160751837"	"2"	"0"	"-0.702754813994606"	"0.910042282163987"	"55993"	"3.8951708264074"	"0.898706825996845"
"H002_pOvaL1_DNA1"	"H002_pOvaL1_DNA1"	"4"	"160754525"	"160820928"	"4"	"0"	"0.123859677419355"	NA	"62"	"3.8951708264074"	"0.898706825996845"
"H002_pOvaL1_DNA1"	"H002_pOvaL1_DNA1"	"4"	"160823848"	"190106768"	"2"	"0"	"-0.731881216741711"	"0.909474726142965"	"19544"	"3.8951708264074"	"0.898706825996845"
"H002_pOvaL1_DNA1"	"H002_pOvaL1_DNA1"	"5"	"15532"	"46382550"	"7"	"2"	"1.21150785502386"	"0.760302716618611"	"31012"	"3.8951708264074"	"0.898706825996845"
"H002_pOvaL1_DNA1"	"H002_pOvaL1_DNA1"	"5"	"46383233"	"181363319"	"2"	"1"	"-0.179150779475033"	"0.647405606581229"	"82748"	"3.8951708264074"	"0.898706825996845"
"H002_pOvaL1_DNA1"	"H002_pOvaL1_DNA1"	"6"	"149661"	"254283"	"2"	"1"	"-0.0022980198019802"	"0.5"	"101"	"3.8951708264074"	"0.898706825996845"
"H002_pOvaL1_DNA1"	"H002_pOvaL1_DNA1"	"6"	"257353"	"376937"	"1"	"1"	"-0.446277450980392"	"0.5"	"102"	"3.8951708264074"	"0.898706825996845"
"H002_pOvaL1_DNA1"	"H002_pOvaL1_DNA1"	"6"	"378703"	"67451592"	"2"	"2"	"0.0809389954085047"	"0.5"	"43341"	"3.8951708264074"	"0.898706825996845"
"H002_pOvaL1_DNA1"	"H002_pOvaL1_DNA1"	"6"	"67457081"	"67977613"	"2"	"1"	"-0.363432926829268"	"0.658571155172414"	"328"	"3.8951708264074"	"0.898706825996845"
"H002_pOvaL1_DNA1"	"H002_pOvaL1_DNA1"	"6"	"67979297"	"68654020"	"2"	"2"	"0.0238477855477855"	"0.5"	"429"	"3.8951708264074"	"0.898706825996845"
"H002_pOvaL1_DNA1"	"H002_pOvaL1_DNA1"	"6"	"68654947"	"72598766"	"2"	"1"	"-0.286958999224205"	"0.643866815343915"	"2578"	"3.8951708264074"	"0.898706825996845"
"H002_pOvaL1_DNA1"	"H002_pOvaL1_DNA1"	"6"	"72599474"	"72677836"	"2"	"2"	"0.0892916666666667"	"0.5"	"48"	"3.8951708264074"	"0.898706825996845"
"H002_pOvaL1_DNA1"	"H002_pOvaL1_DNA1"	"6"	"72680985"	"82235231"	"2"	"1"	"-0.286261107574793"	"0.641846375517241"	"6284"	"3.8951708264074"	"0.898706825996845"
"H002_pOvaL1_DNA1"	"H002_pOvaL1_DNA1"	"6"	"82235739"	"85908276"	"2"	"2"	"0.082326251691475"	"0.5"	"2217"	"3.8951708264074"	"0.898706825996845"
"H002_pOvaL1_DNA1"	"H002_pOvaL1_DNA1"	"6"	"85913091"	"108741495"	"2"	"1"	"-0.311174717642932"	"0.639178057413601"	"14255"	"3.8951708264074"	"0.898706825996845"
"H002_pOvaL1_DNA1"	"H002_pOvaL1_DNA1"	"6"	"108741663"	"111057556"	"2"	"2"	"0.103016160220994"	"0.5"	"1448"	"3.8951708264074"	"0.898706825996845"
"H002_pOvaL1_DNA1"	"H002_pOvaL1_DNA1"	"6"	"111058478"	"111116129"	"2"	"1"	"-0.389703333333333"	"0.5"	"30"	"3.8951708264074"	"0.898706825996845"
"H002_pOvaL1_DNA1"	"H002_pOvaL1_DNA1"	"6"	"111116670"	"111436193"	"2"	"2"	"0.158102994011976"	"0.5"	"167"	"3.8951708264074"	"0.898706825996845"
"H002_pOvaL1_DNA1"	"H002_pOvaL1_DNA1"	"6"	"111437141"	"112446021"	"2"	"1"	"-0.290636857562408"	"0.646719562"	"681"	"3.8951708264074"	"0.898706825996845"
"H002_pOvaL1_DNA1"	"H002_pOvaL1_DNA1"	"6"	"112446991"	"112666417"	"2"	"2"	"0.0676776859504132"	"0.5"	"121"	"3.8951708264074"	"0.898706825996845"
"H002_pOvaL1_DNA1"	"H002_pOvaL1_DNA1"	"6"	"112666817"	"131522131"	"2"	"1"	"-0.298966700837177"	"0.641005463769123"	"11706"	"3.8951708264074"	"0.898706825996845"
"H002_pOvaL1_DNA1"	"H002_pOvaL1_DNA1"	"6"	"131523020"	"134450312"	"2"	"2"	"0.0797633366141732"	"0.5"	"2032"	"3.8951708264074"	"0.898706825996845"
"H002_pOvaL1_DNA1"	"H002_pOvaL1_DNA1"	"6"	"134452089"	"136446711"	"2"	"1"	"-0.267760655737705"	"0.640481727435585"	"1403"	"3.8951708264074"	"0.898706825996845"
"H002_pOvaL1_DNA1"	"H002_pOvaL1_DNA1"	"6"	"136446795"	"136545663"	"3"	"1"	"0.229106451612903"	"0.642946319144981"	"62"	"3.8951708264074"	"0.898706825996845"
"H002_pOvaL1_DNA1"	"H002_pOvaL1_DNA1"	"6"	"136552781"	"142970566"	"2"	"1"	"-0.247787336354481"	"0.642946319144981"	"3972"	"3.8951708264074"	"0.898706825996845"
"H002_pOvaL1_DNA1"	"H002_pOvaL1_DNA1"	"6"	"142970894"	"143103190"	"2"	"2"	"0.115165217391304"	"0.5"	"69"	"3.8951708264074"	"0.898706825996845"
"H002_pOvaL1_DNA1"	"H002_pOvaL1_DNA1"	"6"	"143105917"	"144430456"	"2"	"1"	"-0.308594953656025"	"0.636777308108108"	"971"	"3.8951708264074"	"0.898706825996845"
"H002_pOvaL1_DNA1"	"H002_pOvaL1_DNA1"	"6"	"144432488"	"146229875"	"2"	"2"	"0.107762248628885"	"0.5"	"1094"	"3.8951708264074"	"0.898706825996845"
"H002_pOvaL1_DNA1"	"H002_pOvaL1_DNA1"	"6"	"146236091"	"149210911"	"2"	"1"	"-0.27428911627907"	"0.643623782828283"	"2150"	"3.8951708264074"	"0.898706825996845"
"H002_pOvaL1_DNA1"	"H002_pOvaL1_DNA1"	"6"	"149214762"	"149474125"	"2"	"2"	"0.0939946808510638"	"0.5"	"188"	"3.8951708264074"	"0.898706825996845"
"H002_pOvaL1_DNA1"	"H002_pOvaL1_DNA1"	"6"	"149474900"	"170741917"	"2"	"1"	"-0.296785111169931"	"0.640020318995737"	"15112"	"3.8951708264074"	"0.898706825996845"
"H002_pOvaL2_DNA1"	"H002_pOvaL2_DNA1"	"4"	"12281"	"4484810"	"2"	"0"	"-0.564741487768347"	"0.805651749525166"	"2003"	"3.84930509859679"	"0.742730782622477"
"H002_pOvaL2_DNA1"	"H002_pOvaL2_DNA1"	"4"	"4490028"	"4655142"	"1"	"0"	"-1.11839761904762"	"0.707126027777778"	"126"	"3.84930509859679"	"0.742730782622477"
"H002_pOvaL2_DNA1"	"H002_pOvaL2_DNA1"	"4"	"4657504"	"68509237"	"2"	"0"	"-0.554013394441159"	"0.799966359081488"	"40584"	"3.84930509859679"	"0.742730782622477"
"H002_pOvaL2_DNA1"	"H002_pOvaL2_DNA1"	"4"	"68509442"	"68620122"	"4"	"0"	"0.183204838709677"	NA	"62"	"3.84930509859679"	"0.742730782622477"
"H002_pOvaL2_DNA1"	"H002_pOvaL2_DNA1"	"4"	"68620261"	"160760492"	"2"	"0"	"-0.541531325"	"0.797117328015945"	"56000"	"3.84930509859679"	"0.742730782622477"
"H002_pOvaL2_DNA1"	"H002_pOvaL2_DNA1"	"4"	"160760614"	"160820928"	"4"	"0"	"0.210073214285714"	NA	"56"	"3.84930509859679"	"0.742730782622477"
"H002_pOvaL2_DNA1"	"H002_pOvaL2_DNA1"	"4"	"160823848"	"190106768"	"2"	"0"	"-0.565447912402783"	"0.797608886905998"	"19544"	"3.84930509859679"	"0.742730782622477"
"H002_pOvaL2_DNA1"	"H002_pOvaL2_DNA1"	"5"	"15532"	"46382550"	"7"	"2"	"1.05796938604411"	"0.738845425819135"	"31012"	"3.84930509859679"	"0.742730782622477"
"H002_pOvaL2_DNA1"	"H002_pOvaL2_DNA1"	"5"	"46383233"	"181363319"	"2"	"1"	"-0.138764379803742"	"0.634064234510503"	"82748"	"3.84930509859679"	"0.742730782622477"
"H002_pOvaL2_DNA1"	"H002_pOvaL2_DNA1"	"6"	"149661"	"254283"	"2"	"2"	"0.070760396039604"	"0.5"	"101"	"3.84930509859679"	"0.742730782622477"
"H002_pOvaL2_DNA1"	"H002_pOvaL2_DNA1"	"6"	"257353"	"376937"	"1"	"1"	"-0.358819607843137"	"0.5"	"102"	"3.84930509859679"	"0.742730782622477"
"H002_pOvaL2_DNA1"	"H002_pOvaL2_DNA1"	"6"	"378703"	"24673772"	"2"	"2"	"0.100950338983051"	"0.5"	"18880"	"3.84930509859679"	"0.742730782622477"
"H002_pOvaL2_DNA1"	"H002_pOvaL2_DNA1"	"6"	"24674721"	"24693295"	"2"	"1"	"-0.2705625"	"0.5"	"8"	"3.84930509859679"	"0.742730782622477"
"H002_pOvaL2_DNA1"	"H002_pOvaL2_DNA1"	"6"	"24693618"	"32461866"	"2"	"2"	"0.100743422670273"	"0.5"	"4067"	"3.84930509859679"	"0.742730782622477"
"H002_pOvaL2_DNA1"	"H002_pOvaL2_DNA1"	"6"	"32461942"	"32463775"	"3"	"2"	"0.4661"	"0.5"	"10"	"3.84930509859679"	"0.742730782622477"
"H002_pOvaL2_DNA1"	"H002_pOvaL2_DNA1"	"6"	"32480352"	"51778216"	"2"	"2"	"0.0968282906052912"	"0.5"	"12209"	"3.84930509859679"	"0.742730782622477"
"H002_pOvaL2_DNA1"	"H002_pOvaL2_DNA1"	"6"	"51778470"	"51806363"	"3"	"2"	"0.30262"	"0.5"	"20"	"3.84930509859679"	"0.742730782622477"
"H002_pOvaL2_DNA1"	"H002_pOvaL2_DNA1"	"6"	"51806523"	"67457837"	"2"	"2"	"0.079206047595682"	"0.5"	"8152"	"3.84930509859679"	"0.742730782622477"
"H002_pOvaL2_DNA1"	"H002_pOvaL2_DNA1"	"6"	"67458421"	"67973968"	"2"	"1"	"-0.297868965517241"	"0.618808601851852"	"319"	"3.84930509859679"	"0.742730782622477"
"H002_pOvaL2_DNA1"	"H002_pOvaL2_DNA1"	"6"	"67975842"	"68654947"	"2"	"2"	"0.0507384792626728"	"0.5"	"434"	"3.84930509859679"	"0.742730782622477"
"H002_pOvaL2_DNA1"	"H002_pOvaL2_DNA1"	"6"	"68655995"	"82262379"	"2"	"1"	"-0.20192602309676"	"0.608999853944223"	"8919"	"3.84930509859679"	"0.742730782622477"
"H002_pOvaL2_DNA1"	"H002_pOvaL2_DNA1"	"6"	"82263167"	"85908276"	"2"	"2"	"0.0916952877208881"	"0.5"	"2207"	"3.84930509859679"	"0.742730782622477"
"H002_pOvaL2_DNA1"	"H002_pOvaL2_DNA1"	"6"	"85913091"	"108728358"	"2"	"1"	"-0.223879424359424"	"0.612514278459821"	"14245"	"3.84930509859679"	"0.742730782622477"
"H002_pOvaL2_DNA1"	"H002_pOvaL2_DNA1"	"6"	"108728404"	"111436193"	"2"	"2"	"0.101984833836858"	"0.5"	"1655"	"3.84930509859679"	"0.742730782622477"
"H002_pOvaL2_DNA1"	"H002_pOvaL2_DNA1"	"6"	"111437141"	"112445809"	"2"	"1"	"-0.221820588235294"	"0.613158116"	"680"	"3.84930509859679"	"0.742730782622477"
"H002_pOvaL2_DNA1"	"H002_pOvaL2_DNA1"	"6"	"112446021"	"112666817"	"2"	"2"	"0.111378861788618"	"0.5"	"123"	"3.84930509859679"	"0.742730782622477"
"H002_pOvaL2_DNA1"	"H002_pOvaL2_DNA1"	"6"	"112668007"	"131522131"	"2"	"1"	"-0.21174538231525"	"0.610853539812239"	"11705"	"3.84930509859679"	"0.742730782622477"
"H002_pOvaL2_DNA1"	"H002_pOvaL2_DNA1"	"6"	"131523020"	"134450188"	"2"	"2"	"0.0920189561792221"	"0.5"	"2031"	"3.84930509859679"	"0.742730782622477"
"H002_pOvaL2_DNA1"	"H002_pOvaL2_DNA1"	"6"	"134450312"	"136444321"	"2"	"1"	"-0.184472701354241"	"0.61359028787037"	"1403"	"3.84930509859679"	"0.742730782622477"
"H002_pOvaL2_DNA1"	"H002_pOvaL2_DNA1"	"6"	"136446711"	"136545663"	"3"	"1"	"0.20368253968254"	"0.61359028787037"	"63"	"3.84930509859679"	"0.742730782622477"
"H002_pOvaL2_DNA1"	"H002_pOvaL2_DNA1"	"6"	"136552781"	"142970894"	"2"	"1"	"-0.177037578655928"	"0.61359028787037"	"3973"	"3.84930509859679"	"0.742730782622477"
"H002_pOvaL2_DNA1"	"H002_pOvaL2_DNA1"	"6"	"142971177"	"143109098"	"2"	"2"	"0.114292957746479"	"0.5"	"71"	"3.84930509859679"	"0.742730782622477"
"H002_pOvaL2_DNA1"	"H002_pOvaL2_DNA1"	"6"	"143112977"	"144428781"	"2"	"1"	"-0.221448190279214"	"0.620465937162162"	"967"	"3.84930509859679"	"0.742730782622477"
"H002_pOvaL2_DNA1"	"H002_pOvaL2_DNA1"	"6"	"144430456"	"146241641"	"2"	"2"	"0.101551366120219"	"0.5"	"1098"	"3.84930509859679"	"0.742730782622477"
"H002_pOvaL2_DNA1"	"H002_pOvaL2_DNA1"	"6"	"146242356"	"149239830"	"2"	"1"	"-0.192316244822826"	"0.605743130263158"	"2173"	"3.84930509859679"	"0.742730782622477"
"H002_pOvaL2_DNA1"	"H002_pOvaL2_DNA1"	"6"	"149244117"	"149442178"	"2"	"2"	"0.147378832116788"	"0.5"	"137"	"3.84930509859679"	"0.742730782622477"
"H002_pOvaL2_DNA1"	"H002_pOvaL2_DNA1"	"6"	"149442274"	"170741917"	"2"	"1"	"-0.213096604346964"	"0.612511059985836"	"15137"	"3.84930509859679"	"0.742730782622477"
"H002_pPer1_DNA1"	"H002_pPer1_DNA1"	"4"	"12281"	"68506285"	"2"	"0"	"-0.37715133338016"	"0.705182421542553"	"42711"	"3.7742683950021"	"0.557147750122606"
"H002_pPer1_DNA1"	"H002_pPer1_DNA1"	"4"	"68509223"	"68620261"	"4"	"0"	"0.166212307692308"	NA	"65"	"3.7742683950021"	"0.557147750122606"
"H002_pPer1_DNA1"	"H002_pPer1_DNA1"	"4"	"68623617"	"139841266"	"2"	"0"	"-0.364306664351852"	"0.705977476060884"	"43200"	"3.7742683950021"	"0.557147750122606"
"H002_pPer1_DNA1"	"H002_pPer1_DNA1"	"4"	"139843193"	"145801440"	"3"	"0"	"-0.207910128707331"	"0.729653229398664"	"3574"	"3.7742683950021"	"0.557147750122606"
"H002_pPer1_DNA1"	"H002_pPer1_DNA1"	"4"	"145803904"	"145846073"	"5"	"0"	"0.215542424242424"	"0.8346"	"33"	"3.7742683950021"	"0.557147750122606"
"H002_pPer1_DNA1"	"H002_pPer1_DNA1"	"4"	"145847242"	"148964936"	"3"	"0"	"-0.183952248953975"	"0.733086527093596"	"1912"	"3.7742683950021"	"0.557147750122606"
"H002_pPer1_DNA1"	"H002_pPer1_DNA1"	"4"	"148965841"	"151795456"	"4"	"0"	"0.00227716802168022"	"0.772037989583333"	"1476"	"3.7742683950021"	"0.557147750122606"
"H002_pPer1_DNA1"	"H002_pPer1_DNA1"	"4"	"151796176"	"155405340"	"2"	"0"	"-0.430939638503573"	"0.705564333897413"	"2379"	"3.7742683950021"	"0.557147750122606"
"H002_pPer1_DNA1"	"H002_pPer1_DNA1"	"4"	"155411762"	"160379786"	"3"	"0"	"-0.0125427037271004"	"0.763719474431818"	"3166"	"3.7742683950021"	"0.557147750122606"
"H002_pPer1_DNA1"	"H002_pPer1_DNA1"	"4"	"160380218"	"160748342"	"2"	"0"	"-0.434700398406374"	"0.685861952996716"	"251"	"3.7742683950021"	"0.557147750122606"
"H002_pPer1_DNA1"	"H002_pPer1_DNA1"	"4"	"160750963"	"160820928"	"4"	"0"	"0.1352421875"	NA	"64"	"3.7742683950021"	"0.557147750122606"
"H002_pPer1_DNA1"	"H002_pPer1_DNA1"	"4"	"160823848"	"190106768"	"2"	"0"	"-0.452006288374949"	"0.685861952996716"	"19544"	"3.7742683950021"	"0.557147750122606"
"H002_pPer1_DNA1"	"H002_pPer1_DNA1"	"5"	"15532"	"13991393"	"3"	"3"	"0.38729705615942"	"0.5"	"11040"	"3.7742683950021"	"0.557147750122606"
"H002_pPer1_DNA1"	"H002_pPer1_DNA1"	"5"	"13992430"	"17928463"	"4"	"2"	"0.44389925980755"	"0.604622535211268"	"2702"	"3.7742683950021"	"0.557147750122606"
"H002_pPer1_DNA1"	"H002_pPer1_DNA1"	"5"	"17928552"	"46382550"	"3"	"3"	"0.408664852345107"	"0.5"	"17270"	"3.7742683950021"	"0.557147750122606"
"H002_pPer1_DNA1"	"H002_pPer1_DNA1"	"5"	"46383233"	"81290873"	"2"	"1"	"-0.0418270344246763"	"0.5"	"18998"	"3.7742683950021"	"0.557147750122606"
"H002_pPer1_DNA1"	"H002_pPer1_DNA1"	"5"	"81291324"	"81325771"	"3"	"2"	"0.3648"	"0.5"	"18"	"3.7742683950021"	"0.557147750122606"
"H002_pPer1_DNA1"	"H002_pPer1_DNA1"	"5"	"81330127"	"82492818"	"2"	"2"	"0.000124242424242426"	"0.5"	"660"	"3.7742683950021"	"0.557147750122606"
"H002_pPer1_DNA1"	"H002_pPer1_DNA1"	"5"	"82499718"	"181363319"	"2"	"1"	"-0.0633582683282598"	"0.5"	"63072"	"3.7742683950021"	"0.557147750122606"
"H002_pPer1_DNA1"	"H002_pPer1_DNA1"	"6"	"149661"	"67434673"	"2"	"2"	"0.0967973005881272"	"0.5"	"43528"	"3.7742683950021"	"0.557147750122606"
"H002_pPer1_DNA1"	"H002_pPer1_DNA1"	"6"	"67439311"	"68007638"	"2"	"1"	"-0.131272677595628"	"0.5"	"366"	"3.7742683950021"	"0.557147750122606"
"H002_pPer1_DNA1"	"H002_pPer1_DNA1"	"6"	"68011129"	"68673796"	"2"	"2"	"0.112893975903614"	"0.5"	"415"	"3.7742683950021"	"0.557147750122606"
"H002_pPer1_DNA1"	"H002_pPer1_DNA1"	"6"	"68673811"	"78301682"	"2"	"1"	"-0.0914336481511125"	"0.587516637764984"	"6247"	"3.7742683950021"	"0.557147750122606"
"H002_pPer1_DNA1"	"H002_pPer1_DNA1"	"6"	"78302386"	"78325468"	"6"	"0"	"0.473430357142857"	NA	"56"	"3.7742683950021"	"0.557147750122606"
"H002_pPer1_DNA1"	"H002_pPer1_DNA1"	"6"	"78329517"	"82134391"	"2"	"1"	"-0.0949633124510572"	"0.59144638970346"	"2554"	"3.7742683950021"	"0.557147750122606"
"H002_pPer1_DNA1"	"H002_pPer1_DNA1"	"6"	"82137423"	"85924944"	"2"	"2"	"0.10079638607316"	"0.5"	"2269"	"3.7742683950021"	"0.557147750122606"
"H002_pPer1_DNA1"	"H002_pPer1_DNA1"	"6"	"85925291"	"108719604"	"2"	"1"	"-0.118965893923428"	"0.5"	"14235"	"3.7742683950021"	"0.557147750122606"
"H002_pPer1_DNA1"	"H002_pPer1_DNA1"	"6"	"108725902"	"111423708"	"2"	"2"	"0.137971100362757"	"0.5"	"1654"	"3.7742683950021"	"0.557147750122606"
"H002_pPer1_DNA1"	"H002_pPer1_DNA1"	"6"	"111425802"	"131522131"	"2"	"1"	"-0.101184239130435"	"0.591443947297297"	"12512"	"3.7742683950021"	"0.557147750122606"
"H002_pPer1_DNA1"	"H002_pPer1_DNA1"	"6"	"131523020"	"134496927"	"2"	"2"	"0.114588150289017"	"0.5"	"2076"	"3.7742683950021"	"0.557147750122606"
"H002_pPer1_DNA1"	"H002_pPer1_DNA1"	"6"	"134497176"	"142971177"	"2"	"1"	"-0.0720435588507878"	"0.595526745910781"	"5395"	"3.7742683950021"	"0.557147750122606"
"H002_pPer1_DNA1"	"H002_pPer1_DNA1"	"6"	"142973004"	"143103190"	"2"	"2"	"0.158"	"0.5"	"67"	"3.7742683950021"	"0.557147750122606"
"H002_pPer1_DNA1"	"H002_pPer1_DNA1"	"6"	"143105917"	"144422764"	"2"	"1"	"-0.106559792746114"	"0.594359230952381"	"965"	"3.7742683950021"	"0.557147750122606"
"H002_pPer1_DNA1"	"H002_pPer1_DNA1"	"6"	"144423491"	"146075563"	"2"	"2"	"0.130832679097154"	"0.5"	"1019"	"3.7742683950021"	"0.557147750122606"
"H002_pPer1_DNA1"	"H002_pPer1_DNA1"	"6"	"146076662"	"149238429"	"2"	"1"	"-0.0908770390070922"	"0.596661791693811"	"2256"	"3.7742683950021"	"0.557147750122606"
"H002_pPer1_DNA1"	"H002_pPer1_DNA1"	"6"	"149239830"	"149474125"	"2"	"2"	"0.132920858895706"	"0.5"	"163"	"3.7742683950021"	"0.557147750122606"
"H002_pPer1_DNA1"	"H002_pPer1_DNA1"	"6"	"149474900"	"170741917"	"2"	"1"	"-0.115572551614611"	"0.592997508834676"	"15112"	"3.7742683950021"	"0.557147750122606"
"H002_pPer2_DNA1"	"H002_pPer2_DNA1"	"4"	"12281"	"68509237"	"2"	"0"	"-0.416814548263995"	"0.730358353809397"	"42713"	"3.74535801065154"	"0.614679935917547"
"H002_pPer2_DNA1"	"H002_pPer2_DNA1"	"4"	"68509442"	"68620122"	"5"	"0"	"0.242703225806452"	NA	"62"	"3.74535801065154"	"0.614679935917547"
"H002_pPer2_DNA1"	"H002_pPer2_DNA1"	"4"	"68620261"	"98134739"	"2"	"0"	"-0.407695949674429"	"0.730358353809397"	"18122"	"3.74535801065154"	"0.614679935917547"
"H002_pPer2_DNA1"	"H002_pPer2_DNA1"	"4"	"98135726"	"98178114"	"1"	"0"	"-0.645788461538462"	"0.646354327272727"	"26"	"3.74535801065154"	"0.614679935917547"
"H002_pPer2_DNA1"	"H002_pPer2_DNA1"	"4"	"98180454"	"145801440"	"2"	"0"	"-0.389849065567471"	"0.734944692027471"	"28627"	"3.74535801065154"	"0.614679935917547"
"H002_pPer2_DNA1"	"H002_pPer2_DNA1"	"4"	"145803904"	"145846073"	"5"	"0"	"0.249384848484848"	"0.820833333333333"	"33"	"3.74535801065154"	"0.614679935917547"
"H002_pPer2_DNA1"	"H002_pPer2_DNA1"	"4"	"145847242"	"151795456"	"3"	"0"	"-0.155874645808737"	"0.769069742246553"	"3388"	"3.74535801065154"	"0.614679935917547"
"H002_pPer2_DNA1"	"H002_pPer2_DNA1"	"4"	"151796176"	"155405340"	"2"	"0"	"-0.471835435056746"	"0.714102471467907"	"2379"	"3.74535801065154"	"0.614679935917547"
"H002_pPer2_DNA1"	"H002_pPer2_DNA1"	"4"	"155411762"	"160379786"	"3"	"0"	"-0.048305874921036"	"0.788584090909091"	"3166"	"3.74535801065154"	"0.614679935917547"
"H002_pPer2_DNA1"	"H002_pPer2_DNA1"	"4"	"160380218"	"160760492"	"2"	"0"	"-0.51027027027027"	"0.715108334986226"	"259"	"3.74535801065154"	"0.614679935917547"
"H002_pPer2_DNA1"	"H002_pPer2_DNA1"	"4"	"160760614"	"160820928"	"4"	"0"	"0.0443553571428571"	NA	"56"	"3.74535801065154"	"0.614679935917547"
"H002_pPer2_DNA1"	"H002_pPer2_DNA1"	"4"	"160823848"	"171017806"	"2"	"0"	"-0.489578706240487"	"0.715108334986226"	"6570"	"3.74535801065154"	"0.614679935917547"
"H002_pPer2_DNA1"	"H002_pPer2_DNA1"	"4"	"171017833"	"171020614"	"1"	"0"	"-0.964655555555555"	"0.670966266666667"	"9"	"3.74535801065154"	"0.614679935917547"
"H002_pPer2_DNA1"	"H002_pPer2_DNA1"	"4"	"171021409"	"190106768"	"2"	"0"	"-0.489475379868878"	"0.71728934084507"	"12965"	"3.74535801065154"	"0.614679935917547"
"H002_pPer2_DNA1"	"H002_pPer2_DNA1"	"5"	"15532"	"17265505"	"4"	"2"	"0.444776078988706"	"0.60229172077135"	"13369"	"3.74535801065154"	"0.614679935917547"
"H002_pPer2_DNA1"	"H002_pPer2_DNA1"	"5"	"17270333"	"32010398"	"3"	"3"	"0.413046951623592"	"0.5"	"9054"	"3.74535801065154"	"0.614679935917547"
"H002_pPer2_DNA1"	"H002_pPer2_DNA1"	"5"	"32012924"	"46381680"	"4"	"2"	"0.484202899394504"	"0.606305172834225"	"8588"	"3.74535801065154"	"0.614679935917547"
"H002_pPer2_DNA1"	"H002_pPer2_DNA1"	"5"	"46382550"	"100245790"	"2"	"1"	"-0.0612161285974253"	"0.5"	"29674"	"3.74535801065154"	"0.614679935917547"
"H002_pPer2_DNA1"	"H002_pPer2_DNA1"	"5"	"100245820"	"100263459"	"3"	"3"	"0.439672727272727"	"0.5"	"11"	"3.74535801065154"	"0.614679935917547"
"H002_pPer2_DNA1"	"H002_pPer2_DNA1"	"5"	"100264445"	"178328432"	"2"	"1"	"-0.0740389504703173"	"0.5"	"51242"	"3.74535801065154"	"0.614679935917547"
"H002_pPer2_DNA1"	"H002_pPer2_DNA1"	"5"	"178328542"	"178334788"	"1"	"1"	"-0.443172727272727"	"0.601271428571429"	"11"	"3.74535801065154"	"0.614679935917547"
"H002_pPer2_DNA1"	"H002_pPer2_DNA1"	"5"	"178335424"	"181363319"	"2"	"1"	"-0.0623451684152402"	"0.5"	"1811"	"3.74535801065154"	"0.614679935917547"
"H002_pPer2_DNA1"	"H002_pPer2_DNA1"	"6"	"149661"	"51801606"	"2"	"2"	"0.106813114244539"	"0.5"	"35389"	"3.74535801065154"	"0.614679935917547"
"H002_pPer2_DNA1"	"H002_pPer2_DNA1"	"6"	"51803114"	"51806523"	"3"	"3"	"0.438288888888889"	"0.5"	"9"	"3.74535801065154"	"0.614679935917547"
"H002_pPer2_DNA1"	"H002_pPer2_DNA1"	"6"	"51806552"	"67439311"	"2"	"2"	"0.0936024720206616"	"0.5"	"8131"	"3.74535801065154"	"0.614679935917547"
"H002_pPer2_DNA1"	"H002_pPer2_DNA1"	"6"	"67439783"	"68007638"	"2"	"1"	"-0.179495890410959"	"0.5"	"365"	"3.74535801065154"	"0.614679935917547"
"H002_pPer2_DNA1"	"H002_pPer2_DNA1"	"6"	"68011129"	"68667501"	"2"	"2"	"0.0874480582524272"	"0.5"	"412"	"3.74535801065154"	"0.614679935917547"
"H002_pPer2_DNA1"	"H002_pPer2_DNA1"	"6"	"68669284"	"78270116"	"2"	"1"	"-0.121063370316771"	"0.5959923187251"	"6219"	"3.74535801065154"	"0.614679935917547"
"H002_pPer2_DNA1"	"H002_pPer2_DNA1"	"6"	"78270631"	"78332092"	"3"	"2"	"0.261075"	"0.5959923187251"	"92"	"3.74535801065154"	"0.614679935917547"
"H002_pPer2_DNA1"	"H002_pPer2_DNA1"	"6"	"78336049"	"82235739"	"2"	"1"	"-0.125452986512524"	"0.5959923187251"	"2595"	"3.74535801065154"	"0.614679935917547"
"H002_pPer2_DNA1"	"H002_pPer2_DNA1"	"6"	"82238316"	"85924944"	"2"	"2"	"0.103975528565002"	"0.5"	"2223"	"3.74535801065154"	"0.614679935917547"
"H002_pPer2_DNA1"	"H002_pPer2_DNA1"	"6"	"85925291"	"108744538"	"2"	"1"	"-0.139746628779906"	"0.595437085236769"	"14253"	"3.74535801065154"	"0.614679935917547"
"H002_pPer2_DNA1"	"H002_pPer2_DNA1"	"6"	"108744798"	"111423708"	"2"	"2"	"0.139364731051345"	"0.5"	"1636"	"3.74535801065154"	"0.614679935917547"
"H002_pPer2_DNA1"	"H002_pPer2_DNA1"	"6"	"111425802"	"131522131"	"2"	"1"	"-0.124203660485933"	"0.588116926640927"	"12512"	"3.74535801065154"	"0.614679935917547"
"H002_pPer2_DNA1"	"H002_pPer2_DNA1"	"6"	"131523020"	"134496927"	"2"	"2"	"0.106893256262042"	"0.5"	"2076"	"3.74535801065154"	"0.614679935917547"
"H002_pPer2_DNA1"	"H002_pPer2_DNA1"	"6"	"134497176"	"142970566"	"2"	"1"	"-0.0951134248099388"	"0.60390185873606"	"5393"	"3.74535801065154"	"0.614679935917547"
"H002_pPer2_DNA1"	"H002_pPer2_DNA1"	"6"	"142970894"	"143105917"	"2"	"2"	"0.166537142857143"	"0.5"	"70"	"3.74535801065154"	"0.614679935917547"
"H002_pPer2_DNA1"	"H002_pPer2_DNA1"	"6"	"143109029"	"144428781"	"2"	"1"	"-0.134071207430341"	"0.601357135135135"	"969"	"3.74535801065154"	"0.614679935917547"
"H002_pPer2_DNA1"	"H002_pPer2_DNA1"	"6"	"144430456"	"146241641"	"2"	"2"	"0.13921247723133"	"0.5"	"1098"	"3.74535801065154"	"0.614679935917547"
"H002_pPer2_DNA1"	"H002_pPer2_DNA1"	"6"	"146242356"	"149210911"	"2"	"1"	"-0.119186353050769"	"0.598103717171717"	"2147"	"3.74535801065154"	"0.614679935917547"
"H002_pPer2_DNA1"	"H002_pPer2_DNA1"	"6"	"149214762"	"149472143"	"2"	"2"	"0.118498369565217"	"0.5"	"184"	"3.74535801065154"	"0.614679935917547"
"H002_pPer2_DNA1"	"H002_pPer2_DNA1"	"6"	"149472497"	"170741917"	"2"	"1"	"-0.128002037576078"	"0.596291070075758"	"15116"	"3.74535801065154"	"0.614679935917547"
"H002_pPer_CL13_DNA1"	"H002_pPer_CL13_DNA1"	"4"	"12281"	"61883"	"3"	"0"	"-0.301934545454545"	NA	"55"	"3.67100822171424"	"1"
"H002_pPer_CL13_DNA1"	"H002_pPer_CL13_DNA1"	"4"	"62026"	"68506285"	"2"	"0"	"-0.796007133814704"	"1"	"42656"	"3.67100822171424"	"1"
"H002_pPer_CL13_DNA1"	"H002_pPer_CL13_DNA1"	"4"	"68509223"	"68620261"	"4"	"0"	"0.195903076923077"	NA	"65"	"3.67100822171424"	"1"
"H002_pPer_CL13_DNA1"	"H002_pPer_CL13_DNA1"	"4"	"68623617"	"125242526"	"2"	"0"	"-0.77606761447456"	"1"	"34571"	"3.67100822171424"	"1"
"H002_pPer_CL13_DNA1"	"H002_pPer_CL13_DNA1"	"4"	"125243143"	"125455017"	"3"	"0"	"-0.3368472"	"1"	"125"	"3.67100822171424"	"1"
"H002_pPer_CL13_DNA1"	"H002_pPer_CL13_DNA1"	"4"	"125455108"	"140143398"	"2"	"0"	"-0.775863147638698"	"1"	"8724"	"3.67100822171424"	"1"
"H002_pPer_CL13_DNA1"	"H002_pPer_CL13_DNA1"	"4"	"140143412"	"148813063"	"3"	"0"	"-0.266410172413793"	"1"	"5220"	"3.67100822171424"	"1"
"H002_pPer_CL13_DNA1"	"H002_pPer_CL13_DNA1"	"4"	"148813233"	"150924686"	"4"	"0"	"0.204050727272727"	"1"	"1100"	"3.67100822171424"	"1"
"H002_pPer_CL13_DNA1"	"H002_pPer_CL13_DNA1"	"4"	"150924746"	"150928882"	"3"	"0"	"-0.02282"	NA	"5"	"3.67100822171424"	"1"
"H002_pPer_CL13_DNA1"	"H002_pPer_CL13_DNA1"	"4"	"150928934"	"151792485"	"4"	"0"	"0.202483073496659"	"1"	"449"	"3.67100822171424"	"1"
"H002_pPer_CL13_DNA1"	"H002_pPer_CL13_DNA1"	"4"	"151795456"	"155451944"	"2"	"0"	"-0.967630257689111"	"1"	"2406"	"3.67100822171424"	"1"
"H002_pPer_CL13_DNA1"	"H002_pPer_CL13_DNA1"	"4"	"155454822"	"160176664"	"4"	"0"	"0.242011255845023"	"1"	"2994"	"3.67100822171424"	"1"
"H002_pPer_CL13_DNA1"	"H002_pPer_CL13_DNA1"	"4"	"160179849"	"160760492"	"2"	"0"	"-0.629052592592593"	"1"	"405"	"3.67100822171424"	"1"
"H002_pPer_CL13_DNA1"	"H002_pPer_CL13_DNA1"	"4"	"160760614"	"160820928"	"3"	"0"	"-0.0186107142857143"	NA	"56"	"3.67100822171424"	"1"
"H002_pPer_CL13_DNA1"	"H002_pPer_CL13_DNA1"	"4"	"160823848"	"162512336"	"2"	"0"	"-1.11281605241605"	"1"	"1221"	"3.67100822171424"	"1"
"H002_pPer_CL13_DNA1"	"H002_pPer_CL13_DNA1"	"4"	"162515593"	"162635575"	"1"	"0"	"-1.30186285714286"	"1"	"70"	"3.67100822171424"	"1"
"H002_pPer_CL13_DNA1"	"H002_pPer_CL13_DNA1"	"4"	"162639588"	"177900125"	"2"	"0"	"-1.05091541357315"	"1"	"9563"	"3.67100822171424"	"1"
"H002_pPer_CL13_DNA1"	"H002_pPer_CL13_DNA1"	"4"	"177900218"	"178056898"	"1"	"0"	"-1.29243719008264"	"1"	"121"	"3.67100822171424"	"1"
"H002_pPer_CL13_DNA1"	"H002_pPer_CL13_DNA1"	"4"	"178056986"	"179038895"	"2"	"0"	"-1.11952417061611"	"1"	"633"	"3.67100822171424"	"1"
"H002_pPer_CL13_DNA1"	"H002_pPer_CL13_DNA1"	"4"	"179038929"	"179208927"	"1"	"0"	"-1.28035211267606"	"1"	"142"	"3.67100822171424"	"1"
"H002_pPer_CL13_DNA1"	"H002_pPer_CL13_DNA1"	"4"	"179212588"	"190106768"	"2"	"0"	"-1.03297662304337"	"1"	"7794"	"3.67100822171424"	"1"
"H002_pPer_CL13_DNA1"	"H002_pPer_CL13_DNA1"	"5"	"15532"	"2278151"	"3"	"3"	"0.719958492063492"	"0.5"	"1260"	"3.67100822171424"	"1"
"H002_pPer_CL13_DNA1"	"H002_pPer_CL13_DNA1"	"5"	"2282234"	"13100106"	"3"	"2"	"0.631534793080797"	"0.5"	"9134"	"3.67100822171424"	"1"
"H002_pPer_CL13_DNA1"	"H002_pPer_CL13_DNA1"	"5"	"13104830"	"18404720"	"3"	"3"	"0.74468336061102"	"0.5"	"3666"	"3.67100822171424"	"1"
"H002_pPer_CL13_DNA1"	"H002_pPer_CL13_DNA1"	"5"	"18405635"	"30000478"	"3"	"2"	"0.626309710564399"	"0.5"	"6910"	"3.67100822171424"	"1"
"H002_pPer_CL13_DNA1"	"H002_pPer_CL13_DNA1"	"5"	"30006447"	"46381680"	"4"	"2"	"0.803870839557813"	"0.662008755454546"	"10041"	"3.67100822171424"	"1"
"H002_pPer_CL13_DNA1"	"H002_pPer_CL13_DNA1"	"5"	"46382550"	"54610983"	"2"	"1"	"-0.122910934680621"	"0.5"	"2771"	"3.67100822171424"	"1"
"H002_pPer_CL13_DNA1"	"H002_pPer_CL13_DNA1"	"5"	"54614141"	"56818089"	"2"	"2"	"0.0480804814573845"	"0.5"	"1537"	"3.67100822171424"	"1"
"H002_pPer_CL13_DNA1"	"H002_pPer_CL13_DNA1"	"5"	"56819209"	"65755977"	"2"	"1"	"-0.0407769230769231"	"0.5"	"5629"	"3.67100822171424"	"1"
"H002_pPer_CL13_DNA1"	"H002_pPer_CL13_DNA1"	"5"	"65756121"	"74552829"	"2"	"2"	"0.0233559949249313"	"0.5"	"4729"	"3.67100822171424"	"1"
"H002_pPer_CL13_DNA1"	"H002_pPer_CL13_DNA1"	"5"	"74552965"	"81290873"	"2"	"1"	"-0.0446788599123009"	"0.5"	"4333"	"3.67100822171424"	"1"
"H002_pPer_CL13_DNA1"	"H002_pPer_CL13_DNA1"	"5"	"81291324"	"81325771"	"3"	"2"	"0.458866666666667"	"0.5"	"18"	"3.67100822171424"	"1"
"H002_pPer_CL13_DNA1"	"H002_pPer_CL13_DNA1"	"5"	"81330127"	"116858530"	"2"	"1"	"-0.0994726507520351"	"0.5"	"21741"	"3.67100822171424"	"1"
"H002_pPer_CL13_DNA1"	"H002_pPer_CL13_DNA1"	"5"	"116860026"	"116877085"	"1"	"1"	"-0.540254545454545"	"0.5"	"11"	"3.67100822171424"	"1"
"H002_pPer_CL13_DNA1"	"H002_pPer_CL13_DNA1"	"5"	"116877619"	"122090427"	"2"	"1"	"-0.144854576956396"	"0.5"	"3463"	"3.67100822171424"	"1"
"H002_pPer_CL13_DNA1"	"H002_pPer_CL13_DNA1"	"5"	"122090980"	"127913444"	"2"	"2"	"0.0487885460251046"	"0.5"	"3824"	"3.67100822171424"	"1"
"H002_pPer_CL13_DNA1"	"H002_pPer_CL13_DNA1"	"5"	"127913502"	"158498299"	"2"	"1"	"-0.172765906288533"	"0.664274195093458"	"19464"	"3.67100822171424"	"1"
"H002_pPer_CL13_DNA1"	"H002_pPer_CL13_DNA1"	"5"	"158498554"	"160769777"	"2"	"2"	"0.00851026468689477"	"0.5"	"1549"	"3.67100822171424"	"1"
"H002_pPer_CL13_DNA1"	"H002_pPer_CL13_DNA1"	"5"	"160770006"	"181363319"	"2"	"1"	"-0.0810330190058479"	"0.5"	"13680"	"3.67100822171424"	"1"
"H002_pPer_CL13_DNA1"	"H002_pPer_CL13_DNA1"	"6"	"149661"	"254283"	"2"	"2"	"0.142743564356436"	"0.5"	"101"	"3.67100822171424"	"1"
"H002_pPer_CL13_DNA1"	"H002_pPer_CL13_DNA1"	"6"	"257353"	"376937"	"1"	"1"	"-0.523017647058824"	"0.5"	"102"	"3.67100822171424"	"1"
"H002_pPer_CL13_DNA1"	"H002_pPer_CL13_DNA1"	"6"	"378703"	"47032785"	"2"	"2"	"0.165412216102481"	"0.5"	"32318"	"3.67100822171424"	"1"
"H002_pPer_CL13_DNA1"	"H002_pPer_CL13_DNA1"	"6"	"47033876"	"47111880"	"3"	"2"	"0.462373214285714"	"0.5"	"56"	"3.67100822171424"	"1"
"H002_pPer_CL13_DNA1"	"H002_pPer_CL13_DNA1"	"6"	"47112791"	"67467742"	"2"	"2"	"0.140174271137026"	"0.5"	"10976"	"3.67100822171424"	"1"
"H002_pPer_CL13_DNA1"	"H002_pPer_CL13_DNA1"	"6"	"67468896"	"67976614"	"2"	"1"	"-0.33388832807571"	"0.665971857142857"	"317"	"3.67100822171424"	"1"
"H002_pPer_CL13_DNA1"	"H002_pPer_CL13_DNA1"	"6"	"67977456"	"68656043"	"2"	"2"	"0.126611059907834"	"0.5"	"434"	"3.67100822171424"	"1"
"H002_pPer_CL13_DNA1"	"H002_pPer_CL13_DNA1"	"6"	"68666344"	"72529265"	"2"	"1"	"-0.146592395139161"	"0.631663712765957"	"2551"	"3.67100822171424"	"1"
"H002_pPer_CL13_DNA1"	"H002_pPer_CL13_DNA1"	"6"	"72538163"	"72649118"	"2"	"2"	"0.255504838709677"	"0.5"	"62"	"3.67100822171424"	"1"
"H002_pPer_CL13_DNA1"	"H002_pPer_CL13_DNA1"	"6"	"72653582"	"78310037"	"2"	"1"	"-0.17172902872777"	"0.651261866666667"	"3655"	"3.67100822171424"	"1"
"H002_pPer_CL13_DNA1"	"H002_pPer_CL13_DNA1"	"6"	"78310722"	"78332092"	"3"	"2"	"0.37454"	"0.651261866666667"	"45"	"3.67100822171424"	"1"
"H002_pPer_CL13_DNA1"	"H002_pPer_CL13_DNA1"	"6"	"78336049"	"82259395"	"2"	"1"	"-0.166456648731745"	"0.651261866666667"	"2602"	"3.67100822171424"	"1"
"H002_pPer_CL13_DNA1"	"H002_pPer_CL13_DNA1"	"6"	"82260063"	"85907474"	"2"	"2"	"0.275408605072464"	"0.5"	"2208"	"3.67100822171424"	"1"
"H002_pPer_CL13_DNA1"	"H002_pPer_CL13_DNA1"	"6"	"85908276"	"108728358"	"2"	"1"	"-0.210521627123403"	"0.64697078125"	"14246"	"3.67100822171424"	"1"
"H002_pPer_CL13_DNA1"	"H002_pPer_CL13_DNA1"	"6"	"108728404"	"111057556"	"2"	"2"	"0.276725445816187"	"0.5"	"1458"	"3.67100822171424"	"1"
"H002_pPer_CL13_DNA1"	"H002_pPer_CL13_DNA1"	"6"	"111058478"	"111116955"	"2"	"1"	"-0.0738"	"0.5"	"32"	"3.67100822171424"	"1"
"H002_pPer_CL13_DNA1"	"H002_pPer_CL13_DNA1"	"6"	"111125892"	"111436193"	"2"	"2"	"0.30396"	"0.5"	"165"	"3.67100822171424"	"1"
"H002_pPer_CL13_DNA1"	"H002_pPer_CL13_DNA1"	"6"	"111437141"	"112445809"	"2"	"1"	"-0.120025"	"0.64911624"	"680"	"3.67100822171424"	"1"
"H002_pPer_CL13_DNA1"	"H002_pPer_CL13_DNA1"	"6"	"112446021"	"112666817"	"2"	"2"	"0.296345528455285"	"0.5"	"123"	"3.67100822171424"	"1"
"H002_pPer_CL13_DNA1"	"H002_pPer_CL13_DNA1"	"6"	"112668007"	"131522131"	"2"	"1"	"-0.174051661683041"	"0.645056294853964"	"11705"	"3.67100822171424"	"1"
"H002_pPer_CL13_DNA1"	"H002_pPer_CL13_DNA1"	"6"	"131523020"	"134446605"	"2"	"2"	"0.299663103448276"	"0.5"	"2030"	"3.67100822171424"	"1"
"H002_pPer_CL13_DNA1"	"H002_pPer_CL13_DNA1"	"6"	"134450188"	"136447316"	"2"	"1"	"-0.0822800426136364"	"0.645472481481482"	"1408"	"3.67100822171424"	"1"
"H002_pPer_CL13_DNA1"	"H002_pPer_CL13_DNA1"	"6"	"136451562"	"136545663"	"3"	"2"	"0.310962711864407"	"0.645472481481482"	"59"	"3.67100822171424"	"1"
"H002_pPer_CL13_DNA1"	"H002_pPer_CL13_DNA1"	"6"	"136552781"	"142970566"	"2"	"1"	"-0.0684882426988922"	"0.645472481481482"	"3972"	"3.67100822171424"	"1"
"H002_pPer_CL13_DNA1"	"H002_pPer_CL13_DNA1"	"6"	"142970894"	"143109098"	"2"	"2"	"0.249681944444444"	"0.5"	"72"	"3.67100822171424"	"1"
"H002_pPer_CL13_DNA1"	"H002_pPer_CL13_DNA1"	"6"	"143112977"	"144430456"	"2"	"1"	"-0.194505578512397"	"0.644053540540541"	"968"	"3.67100822171424"	"1"
"H002_pPer_CL13_DNA1"	"H002_pPer_CL13_DNA1"	"6"	"144432488"	"146241641"	"2"	"2"	"0.247913673655424"	"0.5"	"1097"	"3.67100822171424"	"1"
"H002_pPer_CL13_DNA1"	"H002_pPer_CL13_DNA1"	"6"	"146242356"	"149044928"	"2"	"1"	"-0.119730049019608"	"0.639654894941634"	"2040"	"3.67100822171424"	"1"
"H002_pPer_CL13_DNA1"	"H002_pPer_CL13_DNA1"	"6"	"149046975"	"149474125"	"2"	"2"	"0.231126440677966"	"0.5"	"295"	"3.67100822171424"	"1"
"H002_pPer_CL13_DNA1"	"H002_pPer_CL13_DNA1"	"6"	"149474900"	"149506553"	"3"	"1"	"0.184511764705882"	"0.654673142180095"	"17"	"3.67100822171424"	"1"
"H002_pPer_CL13_DNA1"	"H002_pPer_CL13_DNA1"	"6"	"149509722"	"170741917"	"2"	"1"	"-0.158077767472673"	"0.655176352065318"	"15095"	"3.67100822171424"	"1"
"H002R_rAsc1_DNA1"	"H002R_rAsc1_DNA1"	"4"	"12281"	"66827"	"3"	"0"	"-0.3169"	NA	"63"	"3.86757757365388"	"0.962535261779816"
"H002R_rAsc1_DNA1"	"H002R_rAsc1_DNA1"	"4"	"68929"	"68494771"	"2"	"0"	"-0.77781793368663"	"0.970173381499442"	"42646"	"3.86757757365388"	"0.962535261779816"
"H002R_rAsc1_DNA1"	"H002R_rAsc1_DNA1"	"4"	"68501424"	"68623617"	"4"	"0"	"0.0689176470588235"	NA	"68"	"3.86757757365388"	"0.962535261779816"
"H002R_rAsc1_DNA1"	"H002R_rAsc1_DNA1"	"4"	"68639397"	"83669415"	"2"	"0"	"-0.7481956698821"	"0.971820070988553"	"9330"	"3.86757757365388"	"0.962535261779816"
"H002R_rAsc1_DNA1"	"H002R_rAsc1_DNA1"	"4"	"83669888"	"83935493"	"3"	"0"	"-0.218268852459016"	"0.983494444444444"	"183"	"3.86757757365388"	"0.962535261779816"
"H002R_rAsc1_DNA1"	"H002R_rAsc1_DNA1"	"4"	"83936767"	"160751837"	"2"	"0"	"-0.752356939693195"	"0.970421465209141"	"46479"	"3.86757757365388"	"0.962535261779816"
"H002R_rAsc1_DNA1"	"H002R_rAsc1_DNA1"	"4"	"160754525"	"160823848"	"4"	"0"	"0.156163492063492"	NA	"63"	"3.86757757365388"	"0.962535261779816"
"H002R_rAsc1_DNA1"	"H002R_rAsc1_DNA1"	"4"	"160828103"	"168506049"	"2"	"0"	"-0.781537076398637"	"0.97124171867049"	"4987"	"3.86757757365388"	"0.962535261779816"
"H002R_rAsc1_DNA1"	"H002R_rAsc1_DNA1"	"4"	"168506255"	"168523506"	"1"	"0"	"-1.13617727272727"	"0.976418181818182"	"22"	"3.86757757365388"	"0.962535261779816"
"H002R_rAsc1_DNA1"	"H002R_rAsc1_DNA1"	"4"	"168526369"	"171929893"	"2"	"0"	"-0.771505488929889"	"0.972320854901961"	"2168"	"3.86757757365388"	"0.962535261779816"
"H002R_rAsc1_DNA1"	"H002R_rAsc1_DNA1"	"4"	"171934778"	"173291162"	"1"	"0"	"-1.69594775353017"	"0.952827363265306"	"779"	"3.86757757365388"	"0.962535261779816"
"H002R_rAsc1_DNA1"	"H002R_rAsc1_DNA1"	"4"	"173291783"	"190106768"	"2"	"0"	"-0.918374661258307"	"0.967401302783172"	"11587"	"3.86757757365388"	"0.962535261779816"
"H002R_rAsc1_DNA1"	"H002R_rAsc1_DNA1"	"5"	"15532"	"45915946"	"10"	"2"	"1.71909132740501"	"0.835268135721785"	"30925"	"3.86757757365388"	"0.962535261779816"
"H002R_rAsc1_DNA1"	"H002R_rAsc1_DNA1"	"5"	"45921037"	"46389171"	"9"	"2"	"1.51719666666667"	"0.8408"	"90"	"3.86757757365388"	"0.962535261779816"
"H002R_rAsc1_DNA1"	"H002R_rAsc1_DNA1"	"5"	"50136997"	"181363319"	"2"	"2"	"0.131183876971418"	"0.5"	"82745"	"3.86757757365388"	"0.962535261779816"
"H002R_rAsc1_DNA1"	"H002R_rAsc1_DNA1"	"6"	"149661"	"254283"	"2"	"2"	"0.12450099009901"	"0.5"	"101"	"3.86757757365388"	"0.962535261779816"
"H002R_rAsc1_DNA1"	"H002R_rAsc1_DNA1"	"6"	"257353"	"323084"	"1"	"1"	"-0.464045714285714"	"0.5"	"35"	"3.86757757365388"	"0.962535261779816"
"H002R_rAsc1_DNA1"	"H002R_rAsc1_DNA1"	"6"	"323326"	"376937"	"2"	"1"	"-0.366540298507463"	"0.5"	"67"	"3.86757757365388"	"0.962535261779816"
"H002R_rAsc1_DNA1"	"H002R_rAsc1_DNA1"	"6"	"378703"	"67451592"	"2"	"2"	"0.194317073902309"	"0.5"	"43341"	"3.86757757365388"	"0.962535261779816"
"H002R_rAsc1_DNA1"	"H002R_rAsc1_DNA1"	"6"	"67457081"	"67977613"	"2"	"1"	"-0.236598170731707"	"0.671169165517241"	"328"	"3.86757757365388"	"0.962535261779816"
"H002R_rAsc1_DNA1"	"H002R_rAsc1_DNA1"	"6"	"67979297"	"68669284"	"2"	"2"	"0.193378620689655"	"0.5"	"435"	"3.86757757365388"	"0.962535261779816"
"H002R_rAsc1_DNA1"	"H002R_rAsc1_DNA1"	"6"	"68672615"	"72538163"	"2"	"1"	"-0.162543075715967"	"0.661220212765958"	"2549"	"3.86757757365388"	"0.962535261779816"
"H002R_rAsc1_DNA1"	"H002R_rAsc1_DNA1"	"6"	"72549663"	"72728495"	"2"	"2"	"0.0936442307692308"	"0.5"	"104"	"3.86757757365388"	"0.962535261779816"
"H002R_rAsc1_DNA1"	"H002R_rAsc1_DNA1"	"6"	"72728703"	"78304333"	"2"	"1"	"-0.18376235424764"	"0.656743094239631"	"3602"	"3.86757757365388"	"0.962535261779816"
"H002R_rAsc1_DNA1"	"H002R_rAsc1_DNA1"	"6"	"78304385"	"78325468"	"5"	"0"	"0.423832"	NA	"50"	"3.86757757365388"	"0.962535261779816"
"H002R_rAsc1_DNA1"	"H002R_rAsc1_DNA1"	"6"	"78329517"	"82235231"	"2"	"1"	"-0.173774990380916"	"0.656743094239631"	"2599"	"3.86757757365388"	"0.962535261779816"
"H002R_rAsc1_DNA1"	"H002R_rAsc1_DNA1"	"6"	"82235739"	"85908276"	"2"	"2"	"0.185030762291385"	"0.5"	"2217"	"3.86757757365388"	"0.962535261779816"
"H002R_rAsc1_DNA1"	"H002R_rAsc1_DNA1"	"6"	"85913091"	"108728358"	"2"	"1"	"-0.203749743769744"	"0.658639960407366"	"14245"	"3.86757757365388"	"0.962535261779816"
"H002R_rAsc1_DNA1"	"H002R_rAsc1_DNA1"	"6"	"108728404"	"111057556"	"2"	"2"	"0.204645953360768"	"0.5"	"1458"	"3.86757757365388"	"0.962535261779816"
"H002R_rAsc1_DNA1"	"H002R_rAsc1_DNA1"	"6"	"111058478"	"111116955"	"2"	"1"	"-0.235746875"	"0.5"	"32"	"3.86757757365388"	"0.962535261779816"
"H002R_rAsc1_DNA1"	"H002R_rAsc1_DNA1"	"6"	"111125892"	"111436193"	"2"	"2"	"0.271649090909091"	"0.5"	"165"	"3.86757757365388"	"0.962535261779816"
"H002R_rAsc1_DNA1"	"H002R_rAsc1_DNA1"	"6"	"111437141"	"112445809"	"2"	"1"	"-0.189063529411765"	"0.65503"	"680"	"3.86757757365388"	"0.962535261779816"
"H002R_rAsc1_DNA1"	"H002R_rAsc1_DNA1"	"6"	"112446021"	"112666817"	"2"	"2"	"0.242954471544715"	"0.5"	"123"	"3.86757757365388"	"0.962535261779816"
"H002R_rAsc1_DNA1"	"H002R_rAsc1_DNA1"	"6"	"112668007"	"123914771"	"2"	"1"	"-0.207333441702379"	"0.661738247609148"	"6767"	"3.86757757365388"	"0.962535261779816"
"H002R_rAsc1_DNA1"	"H002R_rAsc1_DNA1"	"6"	"123915076"	"123917055"	"3"	"1"	"0.2099"	"0.685066666666667"	"10"	"3.86757757365388"	"0.962535261779816"
"H002R_rAsc1_DNA1"	"H002R_rAsc1_DNA1"	"6"	"123919858"	"131522131"	"2"	"1"	"-0.169864935064935"	"0.661019048723404"	"4928"	"3.86757757365388"	"0.962535261779816"
"H002R_rAsc1_DNA1"	"H002R_rAsc1_DNA1"	"6"	"131523020"	"134450312"	"2"	"2"	"0.19654936023622"	"0.5"	"2032"	"3.86757757365388"	"0.962535261779816"
"H002R_rAsc1_DNA1"	"H002R_rAsc1_DNA1"	"6"	"134452089"	"136444321"	"2"	"1"	"-0.170562981455064"	"0.661235166810344"	"1402"	"3.86757757365388"	"0.962535261779816"
"H002R_rAsc1_DNA1"	"H002R_rAsc1_DNA1"	"6"	"136446711"	"136707020"	"2"	"2"	"0.272465536723164"	"0.5"	"177"	"3.86757757365388"	"0.962535261779816"
"H002R_rAsc1_DNA1"	"H002R_rAsc1_DNA1"	"6"	"136711319"	"142970566"	"2"	"1"	"-0.180142457231726"	"0.662717626196172"	"3858"	"3.86757757365388"	"0.962535261779816"
"H002R_rAsc1_DNA1"	"H002R_rAsc1_DNA1"	"6"	"142970894"	"143103190"	"2"	"2"	"0.214184057971015"	"0.5"	"69"	"3.86757757365388"	"0.962535261779816"
"H002R_rAsc1_DNA1"	"H002R_rAsc1_DNA1"	"6"	"143105917"	"144430456"	"2"	"1"	"-0.196494438722966"	"0.669412519594595"	"971"	"3.86757757365388"	"0.962535261779816"
"H002R_rAsc1_DNA1"	"H002R_rAsc1_DNA1"	"6"	"144432488"	"146229875"	"2"	"2"	"0.208544698354662"	"0.5"	"1094"	"3.86757757365388"	"0.962535261779816"
"H002R_rAsc1_DNA1"	"H002R_rAsc1_DNA1"	"6"	"146236091"	"149210911"	"2"	"1"	"-0.183906511627907"	"0.656419013804714"	"2150"	"3.86757757365388"	"0.962535261779816"
"H002R_rAsc1_DNA1"	"H002R_rAsc1_DNA1"	"6"	"149214762"	"149509797"	"2"	"2"	"0.165817874396135"	"0.5"	"207"	"3.86757757365388"	"0.962535261779816"
"H002R_rAsc1_DNA1"	"H002R_rAsc1_DNA1"	"6"	"149512041"	"170741917"	"2"	"1"	"-0.208350308089843"	"0.663010804478673"	"15093"	"3.86757757365388"	"0.962535261779816"
